country,1960,1961,1962,1963,1964,1965,1966,1967,1968,1969,1970,1971,1972,1973,1974,1975,1976,1977,1978,1979,1980,1981,1982,1983,1984,1985,1986,1987,1988,1989,1990,1991,1992,1993,1994,1995,1996,1997,1998,1999,2000,2001,2002,2003,2004,2005,2006,2007,2008,2009,2010,2011,2012,2013,2014,2015,2016,2017,2018,2019
Afghanistan,0.084,0.0868,0.0898,0.0928,0.0959,0.099,0.102,0.106,0.109,0.113,0.116,0.12,0.124,0.128,0.132,0.136,0.141,0.145,0.15,0.154,0.16,0.166,0.171,0.177,0.184,0.19,0.196,0.203,0.21,0.211,0.212,0.213,0.214,0.214,0.215,0.216,0.217,0.218,0.219,0.22,0.221,0.222,0.223,0.224,0.225,0.227,0.229,0.231,0.233,0.235,0.237,0.239,0.242,0.244,0.246,0.248,0.25,0.253,0.255,0.258
Albania,0.307,0.309,0.31,0.311,0.312,0.312,0.313,0.314,0.314,0.315,0.317,0.319,0.321,0.323,0.325,0.327,0.329,0.331,0.333,0.335,0.338,0.34,0.343,0.346,0.348,0.351,0.354,0.356,0.359,0.362,0.364,0.367,0.372,0.378,0.384,0.389,0.395,0.4,0.406,0.412,0.417,0.424,0.435,0.446,0.457,0.467,0.478,0.489,0.5,0.511,0.522,0.532,0.543,0.554,0.564,0.574,0.584,0.594,0.603,0.612
Algeria,0.305,0.318,0.332,0.347,0.361,0.376,0.388,0.39,0.392,0.393,0.395,0.397,0.398,0.4,0.402,0.403,0.405,0.409,0.418,0.427,0.435,0.444,0.453,0.462,0.471,0.48,0.489,0.497,0.505,0.513,0.521,0.529,0.537,0.544,0.552,0.56,0.568,0.575,0.583,0.591,0.599,0.607,0.615,0.623,0.631,0.638,0.646,0.653,0.661,0.668,0.675,0.682,0.689,0.696,0.702,0.708,0.715,0.721,0.726,0.732
Andorra,0.585,0.61,0.635,0.659,0.682,0.704,0.726,0.746,0.766,0.784,0.802,0.818,0.833,0.847,0.86,0.873,0.884,0.894,0.904,0.913,0.921,0.928,0.935,0.941,0.946,0.952,0.953,0.952,0.95,0.949,0.947,0.945,0.943,0.941,0.939,0.937,0.934,0.932,0.929,0.927,0.924,0.921,0.916,0.912,0.908,0.903,0.898,0.893,0.89,0.889,0.888,0.887,0.886,0.885,0.884,0.883,0.882,0.882,0.881,0.88
Angola,0.104,0.108,0.112,0.116,0.121,0.125,0.13,0.134,0.139,0.144,0.15,0.156,0.165,0.173,0.182,0.191,0.201,0.211,0.221,0.232,0.243,0.254,0.266,0.278,0.291,0.303,0.316,0.33,0.343,0.357,0.371,0.386,0.4,0.415,0.43,0.442,0.453,0.465,0.477,0.489,0.501,0.513,0.525,0.536,0.548,0.56,0.568,0.575,0.583,0.59,0.598,0.605,0.613,0.62,0.627,0.634,0.641,0.648,0.655,0.662
Antigua and Barbuda,0.397,0.39,0.384,0.378,0.372,0.366,0.36,0.354,0.348,0.342,0.338,0.339,0.34,0.341,0.341,0.342,0.343,0.344,0.345,0.345,0.346,0.347,0.348,0.349,0.349,0.35,0.351,0.352,0.353,0.353,0.354,0.355,0.351,0.347,0.343,0.34,0.336,0.332,0.329,0.325,0.321,0.317,0.311,0.305,0.298,0.292,0.286,0.28,0.274,0.268,0.262,0.257,0.255,0.254,0.252,0.25,0.248,0.247,0.246,0.245
Argentina,0.736,0.742,0.748,0.753,0.758,0.764,0.769,0.774,0.779,0.784,0.789,0.793,0.797,0.802,0.806,0.81,0.814,0.818,0.821,0.825,0.829,0.833,0.838,0.842,0.846,0.85,0.854,0.858,0.862,0.866,0.87,0.873,0.875,0.878,0.88,0.882,0.884,0.886,0.888,0.89,0.891,0.893,0.895,0.897,0.899,0.9,0.902,0.904,0.905,0.907,0.908,0.91,0.911,0.912,0.914,0.915,0.916,0.917,0.919,0.92
Armenia,0.513,0.521,0.53,0.539,0.548,0.556,0.565,0.573,0.582,0.59,0.599,0.607,0.614,0.622,0.63,0.636,0.642,0.648,0.654,0.658,0.66,0.663,0.665,0.667,0.669,0.671,0.673,0.675,0.677,0.677,0.674,0.672,0.669,0.666,0.663,0.661,0.658,0.655,0.652,0.649,0.647,0.644,0.642,0.641,0.64,0.639,0.638,0.637,0.636,0.635,0.634,0.633,0.632,0.632,0.631,0.631,0.631,0.631,0.631,0.632
Australia,0.815,0.819,0.822,0.825,0.828,0.831,0.833,0.835,0.837,0.838,0.84,0.842,0.843,0.845,0.846,0.848,0.849,0.851,0.853,0.854,0.856,0.857,0.857,0.856,0.856,0.856,0.856,0.855,0.855,0.855,0.854,0.854,0.853,0.852,0.85,0.849,0.848,0.846,0.845,0.844,0.842,0.841,0.842,0.843,0.845,0.846,0.847,0.848,0.849,0.851,0.852,0.853,0.854,0.855,0.856,0.857,0.858,0.859,0.86,0.861
Austria,0.647,0.648,0.649,0.649,0.65,0.65,0.651,0.651,0.652,0.652,0.653,0.653,0.653,0.653,0.653,0.653,0.654,0.654,0.654,0.654,0.654,0.654,0.651,0.648,0.646,0.643,0.64,0.638,0.635,0.632,0.63,0.627,0.624,0.621,0.619,0.616,0.613,0.61,0.608,0.605,0.602,0.599,0.597,0.594,0.591,0.588,0.585,0.582,0.58,0.577,0.574,0.571,0.571,0.573,0.575,0.577,0.579,0.581,0.583,0.585
Azerbaijan,0.527,0.524,0.521,0.518,0.515,0.512,0.509,0.506,0.503,0.5,0.5,0.505,0.509,0.514,0.517,0.519,0.521,0.523,0.525,0.527,0.528,0.529,0.53,0.531,0.533,0.535,0.537,0.539,0.541,0.541,0.537,0.534,0.531,0.528,0.525,0.522,0.519,0.516,0.513,0.512,0.514,0.516,0.518,0.52,0.522,0.524,0.526,0.528,0.53,0.532,0.534,0.536,0.539,0.541,0.544,0.547,0.55,0.553,0.557,0.56
Bahamas,0.597,0.605,0.612,0.619,0.626,0.633,0.64,0.647,0.654,0.661,0.668,0.674,0.681,0.687,0.694,0.7,0.706,0.713,0.719,0.725,0.731,0.738,0.746,0.753,0.76,0.767,0.773,0.78,0.787,0.793,0.798,0.801,0.803,0.805,0.807,0.81,0.812,0.814,0.816,0.818,0.82,0.82,0.821,0.821,0.822,0.822,0.823,0.823,0.823,0.824,0.824,0.825,0.825,0.826,0.827,0.827,0.828,0.829,0.83,0.831
Bahrain,0.823,0.823,0.824,0.824,0.824,0.825,0.828,0.83,0.833,0.835,0.838,0.84,0.843,0.845,0.847,0.85,0.852,0.854,0.857,0.859,0.861,0.863,0.865,0.867,0.87,0.872,0.874,0.876,0.878,0.879,0.881,0.883,0.884,0.884,0.884,0.884,0.884,0.884,0.884,0.884,0.884,0.884,0.884,0.884,0.884,0.884,0.885,0.885,0.885,0.886,0.886,0.887,0.888,0.888,0.889,0.89,0.891,0.892,0.893,0.894
Bangladesh,0.0513,0.0528,0.055,0.0573,0.0596,0.0621,0.0647,0.0673,0.0701,0.073,0.0759,0.079,0.0822,0.0855,0.0903,0.0984,0.107,0.116,0.126,0.137,0.149,0.158,0.162,0.166,0.171,0.175,0.179,0.184,0.189,0.193,0.198,0.203,0.206,0.21,0.213,0.217,0.221,0.224,0.228,0.232,0.236,0.241,0.248,0.254,0.261,0.268,0.275,0.282,0.29,0.297,0.305,0.312,0.32,0.328,0.335,0.343,0.351,0.359,0.366,0.374
Barbados,0.368,0.368,0.369,0.37,0.371,0.371,0.372,0.373,0.374,0.374,0.375,0.378,0.381,0.383,0.386,0.389,0.391,0.394,0.396,0.399,0.401,0.398,0.396,0.393,0.39,0.387,0.385,0.382,0.379,0.377,0.374,0.37,0.366,0.363,0.359,0.356,0.352,0.349,0.345,0.342,0.338,0.336,0.334,0.332,0.33,0.328,0.326,0.325,0.323,0.321,0.319,0.317,0.316,0.314,0.313,0.312,0.312,0.312,0.311,0.312
Belarus,0.324,0.335,0.347,0.358,0.37,0.381,0.393,0.404,0.416,0.428,0.44,0.453,0.467,0.48,0.494,0.506,0.518,0.53,0.542,0.554,0.565,0.576,0.587,0.597,0.608,0.618,0.629,0.639,0.649,0.656,0.66,0.664,0.668,0.672,0.675,0.679,0.683,0.687,0.691,0.695,0.7,0.705,0.709,0.714,0.719,0.724,0.728,0.733,0.737,0.742,0.747,0.752,0.757,0.762,0.767,0.772,0.777,0.781,0.786,0.79
Belgium,0.925,0.926,0.927,0.928,0.93,0.931,0.933,0.934,0.936,0.937,0.938,0.94,0.941,0.942,0.944,0.945,0.946,0.948,0.95,0.952,0.954,0.955,0.956,0.957,0.958,0.959,0.96,0.961,0.962,0.963,0.964,0.965,0.965,0.966,0.967,0.968,0.969,0.969,0.97,0.971,0.971,0.972,0.972,0.973,0.973,0.974,0.975,0.975,0.976,0.976,0.977,0.977,0.977,0.978,0.978,0.979,0.979,0.98,0.98,0.98
Belize,0.54,0.537,0.534,0.531,0.528,0.525,0.522,0.519,0.515,0.512,0.51,0.508,0.506,0.505,0.503,0.502,0.5,0.499,0.497,0.495,0.494,0.492,0.49,0.488,0.486,0.484,0.482,0.48,0.478,0.477,0.475,0.473,0.471,0.468,0.466,0.464,0.462,0.46,0.458,0.456,0.454,0.454,0.454,0.453,0.453,0.453,0.453,0.453,0.453,0.452,0.452,0.452,0.452,0.453,0.453,0.454,0.455,0.456,0.457,0.459
Benin,0.0928,0.0986,0.105,0.111,0.118,0.125,0.133,0.141,0.149,0.158,0.167,0.176,0.186,0.197,0.208,0.219,0.231,0.243,0.256,0.267,0.273,0.28,0.287,0.294,0.301,0.308,0.315,0.322,0.33,0.337,0.345,0.352,0.358,0.361,0.364,0.368,0.371,0.374,0.377,0.38,0.383,0.386,0.39,0.395,0.4,0.405,0.41,0.416,0.421,0.426,0.431,0.436,0.441,0.446,0.452,0.457,0.462,0.468,0.473,0.479
Bhutan,0.036,0.0379,0.04,0.0422,0.0445,0.0469,0.0494,0.0521,0.0549,0.0578,0.0609,0.0641,0.0675,0.0711,0.0748,0.0788,0.0829,0.0872,0.0917,0.0964,0.101,0.106,0.112,0.117,0.123,0.129,0.136,0.142,0.149,0.156,0.164,0.172,0.18,0.188,0.196,0.205,0.215,0.224,0.234,0.244,0.254,0.265,0.276,0.287,0.298,0.31,0.317,0.325,0.332,0.34,0.348,0.356,0.364,0.371,0.379,0.387,0.394,0.402,0.409,0.416
Bolivia,0.368,0.371,0.374,0.377,0.38,0.383,0.386,0.389,0.392,0.395,0.398,0.401,0.404,0.407,0.41,0.413,0.416,0.424,0.434,0.444,0.455,0.465,0.475,0.485,0.495,0.505,0.515,0.525,0.536,0.546,0.556,0.566,0.575,0.581,0.586,0.591,0.597,0.602,0.607,0.613,0.618,0.623,0.628,0.632,0.637,0.642,0.646,0.651,0.655,0.66,0.664,0.669,0.673,0.677,0.68,0.684,0.687,0.691,0.694,0.698
Bosnia and Herzegovina,0.19,0.197,0.204,0.212,0.22,0.228,0.237,0.245,0.254,0.263,0.272,0.281,0.289,0.297,0.305,0.313,0.321,0.33,0.338,0.347,0.355,0.363,0.366,0.369,0.373,0.376,0.379,0.383,0.386,0.389,0.392,0.396,0.399,0.402,0.405,0.408,0.411,0.414,0.418,0.421,0.424,0.427,0.43,0.433,0.436,0.44,0.443,0.446,0.449,0.452,0.456,0.459,0.462,0.465,0.468,0.472,0.475,0.479,0.482,0.486
Botswana,0.0306,0.031,0.0313,0.0317,0.0332,0.0384,0.0444,0.0512,0.0591,0.0681,0.0783,0.09,0.097,0.104,0.111,0.119,0.127,0.136,0.145,0.155,0.165,0.176,0.195,0.217,0.241,0.267,0.295,0.324,0.355,0.386,0.419,0.453,0.464,0.473,0.481,0.49,0.498,0.507,0.515,0.524,0.532,0.541,0.546,0.55,0.555,0.559,0.564,0.579,0.594,0.609,0.624,0.639,0.648,0.656,0.664,0.672,0.679,0.687,0.694,0.702
Brazil,0.461,0.471,0.481,0.491,0.501,0.51,0.52,0.53,0.54,0.549,0.559,0.569,0.579,0.589,0.598,0.608,0.617,0.627,0.636,0.646,0.655,0.664,0.673,0.681,0.69,0.699,0.707,0.715,0.723,0.731,0.739,0.747,0.754,0.762,0.769,0.776,0.783,0.79,0.798,0.805,0.812,0.816,0.819,0.822,0.825,0.828,0.831,0.834,0.837,0.84,0.843,0.846,0.849,0.852,0.855,0.858,0.86,0.863,0.866,0.868
Brunei,0.434,0.452,0.471,0.489,0.508,0.526,0.545,0.563,0.581,0.599,0.617,0.634,0.637,0.639,0.64,0.642,0.643,0.645,0.646,0.648,0.649,0.651,0.652,0.654,0.655,0.657,0.658,0.66,0.661,0.663,0.664,0.666,0.671,0.676,0.681,0.686,0.692,0.697,0.702,0.707,0.712,0.717,0.72,0.724,0.728,0.732,0.735,0.739,0.743,0.746,0.75,0.753,0.757,0.76,0.763,0.767,0.77,0.773,0.776,0.779
Bulgaria,0.371,0.388,0.405,0.422,0.44,0.458,0.472,0.485,0.498,0.51,0.523,0.534,0.544,0.555,0.565,0.576,0.585,0.594,0.603,0.612,0.621,0.626,0.631,0.636,0.641,0.646,0.65,0.653,0.657,0.66,0.664,0.667,0.671,0.673,0.676,0.678,0.68,0.682,0.685,0.687,0.689,0.692,0.695,0.699,0.702,0.706,0.709,0.713,0.716,0.72,0.723,0.726,0.73,0.733,0.737,0.74,0.743,0.747,0.75,0.753
Burkina Faso,0.047,0.048,0.0489,0.0499,0.0509,0.052,0.053,0.0541,0.0552,0.0563,0.0575,0.0586,0.0598,0.061,0.0622,0.0635,0.0667,0.0715,0.0767,0.0822,0.088,0.0943,0.101,0.108,0.115,0.123,0.128,0.131,0.133,0.136,0.138,0.141,0.143,0.146,0.149,0.151,0.154,0.159,0.165,0.172,0.178,0.185,0.193,0.2,0.208,0.215,0.223,0.23,0.235,0.241,0.246,0.252,0.258,0.263,0.269,0.275,0.281,0.287,0.294,0.3
Burundi,0.0208,0.0212,0.0215,0.0219,0.0223,0.0229,0.024,0.025,0.0261,0.0273,0.0284,0.0297,0.031,0.0324,0.0338,0.0352,0.0368,0.0384,0.04,0.0418,0.0434,0.045,0.0467,0.0485,0.0503,0.0522,0.0542,0.0562,0.0583,0.0605,0.0627,0.0646,0.0664,0.0682,0.0701,0.0721,0.0741,0.0762,0.0783,0.0804,0.0825,0.0846,0.0868,0.0891,0.0914,0.0938,0.0962,0.0986,0.101,0.104,0.106,0.109,0.112,0.115,0.118,0.121,0.124,0.127,0.13,0.134
Cambodia,0.103,0.103,0.103,0.105,0.107,0.108,0.11,0.121,0.133,0.146,0.16,0.187,0.218,0.253,0.291,0.0448,0.0482,0.0519,0.0558,0.06,0.099,0.127,0.13,0.133,0.136,0.139,0.142,0.146,0.149,0.152,0.155,0.159,0.162,0.166,0.169,0.173,0.177,0.181,0.184,0.185,0.186,0.187,0.188,0.189,0.191,0.192,0.193,0.194,0.196,0.199,0.203,0.207,0.21,0.214,0.218,0.222,0.226,0.23,0.234,0.238
Cameroon,0.139,0.145,0.151,0.156,0.163,0.169,0.175,0.182,0.189,0.196,0.203,0.216,0.229,0.243,0.258,0.273,0.287,0.295,0.303,0.311,0.319,0.328,0.336,0.345,0.354,0.362,0.371,0.379,0.385,0.391,0.397,0.402,0.408,0.414,0.42,0.426,0.432,0.438,0.443,0.449,0.455,0.461,0.467,0.473,0.479,0.485,0.491,0.497,0.504,0.51,0.516,0.522,0.528,0.534,0.54,0.546,0.552,0.558,0.564,0.57
Canada,0.691,0.697,0.705,0.713,0.721,0.729,0.736,0.742,0.747,0.752,0.757,0.761,0.76,0.759,0.757,0.756,0.755,0.755,0.756,0.756,0.757,0.757,0.759,0.76,0.762,0.764,0.765,0.765,0.765,0.766,0.766,0.766,0.769,0.772,0.774,0.777,0.78,0.783,0.787,0.791,0.795,0.798,0.799,0.8,0.8,0.801,0.802,0.804,0.806,0.808,0.809,0.811,0.811,0.812,0.812,0.813,0.813,0.813,0.814,0.815
Cape Verde,0.167,0.169,0.172,0.175,0.178,0.181,0.184,0.187,0.19,0.193,0.196,0.199,0.203,0.206,0.21,0.214,0.218,0.222,0.226,0.23,0.235,0.25,0.265,0.281,0.298,0.315,0.339,0.364,0.389,0.415,0.441,0.45,0.46,0.469,0.478,0.488,0.497,0.506,0.516,0.525,0.534,0.543,0.551,0.56,0.568,0.577,0.585,0.594,0.602,0.61,0.618,0.623,0.628,0.633,0.638,0.643,0.648,0.653,0.657,0.662
Central African Republic,0.201,0.208,0.214,0.221,0.228,0.235,0.243,0.25,0.258,0.266,0.275,0.284,0.292,0.301,0.31,0.32,0.326,0.329,0.332,0.335,0.339,0.342,0.345,0.349,0.352,0.355,0.359,0.362,0.365,0.367,0.368,0.369,0.37,0.371,0.371,0.372,0.373,0.374,0.375,0.376,0.376,0.377,0.378,0.379,0.38,0.381,0.382,0.383,0.385,0.387,0.389,0.391,0.394,0.397,0.4,0.403,0.406,0.41,0.414,0.418
Chad,0.067,0.0696,0.0724,0.0753,0.0788,0.0841,0.0897,0.0956,0.102,0.109,0.116,0.123,0.131,0.139,0.147,0.156,0.165,0.174,0.184,0.186,0.188,0.19,0.192,0.194,0.196,0.198,0.2,0.202,0.204,0.206,0.208,0.21,0.212,0.214,0.214,0.215,0.215,0.215,0.216,0.216,0.216,0.217,0.217,0.217,0.218,0.218,0.218,0.219,0.219,0.219,0.22,0.221,0.221,0.222,0.224,0.225,0.227,0.229,0.231,0.233
Chile,0.678,0.687,0.694,0.702,0.71,0.717,0.724,0.731,0.739,0.745,0.752,0.759,0.765,0.772,0.778,0.784,0.79,0.796,0.801,0.807,0.812,0.818,0.822,0.824,0.825,0.826,0.828,0.829,0.83,0.831,0.833,0.834,0.836,0.839,0.842,0.845,0.849,0.852,0.855,0.858,0.861,0.864,0.866,0.867,0.867,0.868,0.868,0.869,0.87,0.87,0.871,0.871,0.872,0.872,0.873,0.874,0.874,0.875,0.876,0.876
China,0.162,0.167,0.172,0.178,0.183,0.181,0.179,0.178,0.177,0.175,0.174,0.173,0.172,0.172,0.173,0.174,0.175,0.175,0.179,0.186,0.194,0.201,0.209,0.215,0.222,0.229,0.236,0.243,0.25,0.257,0.264,0.273,0.282,0.291,0.3,0.31,0.319,0.329,0.339,0.349,0.359,0.371,0.384,0.398,0.411,0.425,0.439,0.452,0.465,0.479,0.492,0.505,0.518,0.53,0.543,0.555,0.567,0.58,0.592,0.603
Colombia,0.463,0.477,0.491,0.506,0.52,0.528,0.536,0.544,0.551,0.559,0.566,0.574,0.581,0.589,0.596,0.603,0.61,0.617,0.624,0.631,0.637,0.644,0.651,0.657,0.664,0.67,0.676,0.681,0.685,0.69,0.695,0.699,0.704,0.709,0.713,0.718,0.722,0.727,0.731,0.735,0.74,0.744,0.748,0.752,0.756,0.76,0.764,0.768,0.772,0.776,0.78,0.783,0.787,0.791,0.794,0.798,0.801,0.804,0.808,0.811
Comoros,0.126,0.133,0.142,0.151,0.16,0.17,0.18,0.183,0.187,0.19,0.194,0.198,0.201,0.205,0.209,0.212,0.216,0.22,0.224,0.228,0.232,0.236,0.241,0.245,0.25,0.255,0.259,0.264,0.269,0.274,0.279,0.284,0.284,0.284,0.283,0.283,0.283,0.282,0.282,0.281,0.281,0.28,0.28,0.279,0.279,0.279,0.279,0.279,0.279,0.279,0.28,0.28,0.281,0.282,0.283,0.285,0.286,0.288,0.29,0.292
"Congo, Dem. Rep.",0.223,0.225,0.227,0.23,0.232,0.234,0.237,0.239,0.241,0.244,0.246,0.248,0.251,0.253,0.256,0.258,0.261,0.263,0.266,0.268,0.271,0.273,0.276,0.278,0.281,0.285,0.289,0.294,0.298,0.302,0.306,0.311,0.315,0.319,0.324,0.328,0.333,0.337,0.342,0.347,0.351,0.356,0.361,0.365,0.37,0.375,0.38,0.385,0.39,0.395,0.4,0.405,0.411,0.416,0.422,0.427,0.433,0.439,0.445,0.45
"Congo, Rep.",0.316,0.323,0.33,0.338,0.345,0.353,0.36,0.368,0.376,0.383,0.391,0.399,0.407,0.415,0.424,0.433,0.442,0.451,0.46,0.469,0.479,0.488,0.497,0.506,0.516,0.522,0.526,0.531,0.535,0.539,0.543,0.547,0.552,0.556,0.56,0.564,0.568,0.573,0.578,0.582,0.587,0.592,0.596,0.601,0.605,0.61,0.614,0.619,0.623,0.628,0.633,0.637,0.642,0.646,0.651,0.655,0.66,0.665,0.669,0.674
Costa Rica,0.343,0.343,0.344,0.346,0.352,0.358,0.364,0.37,0.376,0.382,0.388,0.394,0.401,0.407,0.41,0.413,0.417,0.42,0.424,0.427,0.431,0.435,0.438,0.442,0.445,0.454,0.464,0.473,0.482,0.491,0.5,0.509,0.518,0.527,0.537,0.546,0.555,0.564,0.573,0.582,0.591,0.604,0.618,0.631,0.644,0.657,0.669,0.682,0.694,0.706,0.717,0.729,0.739,0.75,0.759,0.769,0.777,0.786,0.793,0.801
Cote d'Ivoire,0.177,0.189,0.202,0.216,0.23,0.245,0.252,0.259,0.267,0.274,0.282,0.289,0.297,0.305,0.313,0.322,0.336,0.35,0.364,0.366,0.368,0.37,0.373,0.375,0.377,0.379,0.381,0.383,0.386,0.39,0.393,0.397,0.401,0.405,0.408,0.412,0.416,0.42,0.423,0.427,0.432,0.436,0.44,0.444,0.448,0.452,0.457,0.461,0.465,0.469,0.473,0.478,0.482,0.486,0.49,0.494,0.499,0.503,0.508,0.512
Croatia,0.302,0.31,0.32,0.33,0.34,0.35,0.36,0.37,0.381,0.391,0.402,0.412,0.418,0.425,0.432,0.439,0.445,0.452,0.459,0.466,0.473,0.479,0.482,0.486,0.489,0.493,0.496,0.5,0.503,0.507,0.51,0.514,0.516,0.518,0.52,0.523,0.525,0.527,0.53,0.532,0.534,0.536,0.538,0.54,0.541,0.543,0.545,0.547,0.548,0.55,0.552,0.553,0.555,0.557,0.559,0.562,0.564,0.567,0.569,0.572
Cuba,0.584,0.586,0.588,0.59,0.591,0.593,0.595,0.597,0.599,0.601,0.603,0.61,0.618,0.626,0.634,0.642,0.65,0.658,0.666,0.673,0.681,0.689,0.694,0.699,0.704,0.709,0.714,0.719,0.724,0.729,0.734,0.737,0.738,0.74,0.741,0.743,0.744,0.746,0.749,0.751,0.753,0.756,0.758,0.759,0.76,0.761,0.762,0.763,0.764,0.765,0.766,0.767,0.768,0.768,0.769,0.769,0.769,0.77,0.77,0.771
Cyprus,0.356,0.362,0.367,0.372,0.377,0.382,0.387,0.392,0.397,0.402,0.408,0.413,0.418,0.428,0.45,0.473,0.496,0.518,0.541,0.564,0.586,0.608,0.63,0.638,0.643,0.647,0.651,0.655,0.659,0.664,0.668,0.672,0.676,0.678,0.679,0.68,0.682,0.683,0.684,0.685,0.686,0.688,0.687,0.686,0.684,0.683,0.681,0.68,0.678,0.677,0.676,0.674,0.673,0.671,0.67,0.669,0.669,0.668,0.668,0.668
Czech Republic,0.595,0.601,0.606,0.61,0.615,0.62,0.625,0.63,0.635,0.639,0.644,0.653,0.665,0.676,0.688,0.699,0.71,0.721,0.731,0.742,0.752,0.755,0.755,0.754,0.754,0.754,0.753,0.753,0.753,0.752,0.752,0.752,0.75,0.749,0.748,0.746,0.745,0.744,0.743,0.741,0.74,0.739,0.738,0.737,0.737,0.736,0.735,0.735,0.734,0.733,0.733,0.732,0.732,0.733,0.734,0.735,0.736,0.737,0.738,0.739
Denmark,0.737,0.744,0.751,0.758,0.764,0.77,0.776,0.782,0.787,0.792,0.797,0.802,0.807,0.812,0.817,0.821,0.826,0.829,0.832,0.834,0.837,0.839,0.84,0.841,0.842,0.844,0.845,0.846,0.847,0.848,0.848,0.849,0.849,0.849,0.85,0.85,0.85,0.85,0.851,0.851,0.851,0.852,0.853,0.854,0.856,0.859,0.861,0.863,0.865,0.867,0.868,0.87,0.871,0.873,0.874,0.875,0.876,0.878,0.879,0.88
Djibouti,0.503,0.514,0.526,0.538,0.55,0.561,0.573,0.584,0.595,0.607,0.618,0.629,0.64,0.65,0.661,0.671,0.682,0.692,0.702,0.711,0.721,0.73,0.739,0.745,0.747,0.749,0.751,0.753,0.755,0.758,0.76,0.761,0.762,0.762,0.763,0.763,0.763,0.764,0.764,0.765,0.765,0.766,0.766,0.767,0.767,0.768,0.768,0.769,0.769,0.769,0.77,0.771,0.771,0.772,0.773,0.774,0.775,0.776,0.778,0.779
Dominica,0.378,0.379,0.38,0.38,0.381,0.382,0.382,0.383,0.384,0.384,0.387,0.395,0.403,0.411,0.419,0.427,0.435,0.443,0.451,0.459,0.468,0.478,0.495,0.513,0.53,0.547,0.564,0.581,0.598,0.615,0.631,0.645,0.646,0.647,0.647,0.648,0.649,0.65,0.651,0.652,0.653,0.654,0.657,0.66,0.663,0.666,0.669,0.672,0.675,0.678,0.681,0.684,0.687,0.69,0.693,0.696,0.699,0.702,0.705,0.708
Dominican Republic,0.302,0.311,0.321,0.331,0.34,0.351,0.361,0.371,0.382,0.392,0.403,0.414,0.424,0.435,0.446,0.457,0.468,0.479,0.491,0.502,0.513,0.524,0.53,0.533,0.536,0.539,0.541,0.544,0.547,0.55,0.552,0.555,0.558,0.56,0.568,0.576,0.584,0.593,0.601,0.609,0.618,0.626,0.634,0.646,0.66,0.674,0.687,0.7,0.713,0.725,0.738,0.748,0.758,0.767,0.777,0.786,0.794,0.803,0.811,0.818
Ecuador,0.339,0.345,0.351,0.356,0.361,0.366,0.372,0.377,0.382,0.387,0.393,0.398,0.404,0.409,0.415,0.424,0.433,0.442,0.451,0.46,0.47,0.479,0.488,0.497,0.504,0.512,0.52,0.528,0.535,0.543,0.551,0.557,0.562,0.567,0.573,0.578,0.583,0.588,0.593,0.598,0.603,0.608,0.611,0.613,0.615,0.617,0.619,0.621,0.623,0.625,0.627,0.629,0.63,0.631,0.633,0.634,0.635,0.637,0.638,0.64
Egypt,0.379,0.383,0.386,0.39,0.393,0.397,0.4,0.404,0.408,0.411,0.415,0.418,0.422,0.426,0.429,0.433,0.437,0.438,0.438,0.438,0.439,0.439,0.439,0.439,0.439,0.439,0.44,0.439,0.437,0.436,0.435,0.433,0.432,0.431,0.429,0.428,0.427,0.427,0.427,0.428,0.428,0.428,0.429,0.429,0.43,0.43,0.431,0.431,0.431,0.43,0.43,0.43,0.429,0.429,0.428,0.428,0.427,0.427,0.427,0.427
El Salvador,0.384,0.385,0.386,0.387,0.388,0.389,0.39,0.391,0.392,0.393,0.394,0.395,0.4,0.405,0.41,0.416,0.421,0.426,0.431,0.436,0.441,0.446,0.451,0.456,0.462,0.467,0.472,0.477,0.482,0.488,0.493,0.498,0.503,0.514,0.527,0.54,0.553,0.565,0.578,0.584,0.589,0.595,0.6,0.606,0.611,0.616,0.622,0.628,0.637,0.646,0.655,0.663,0.672,0.68,0.689,0.697,0.705,0.713,0.72,0.727
Equatorial Guinea,0.255,0.261,0.262,0.263,0.264,0.265,0.266,0.267,0.268,0.269,0.27,0.27,0.271,0.272,0.273,0.274,0.275,0.276,0.277,0.278,0.279,0.28,0.281,0.282,0.29,0.299,0.309,0.318,0.328,0.338,0.347,0.357,0.368,0.378,0.388,0.405,0.422,0.439,0.456,0.474,0.491,0.508,0.526,0.543,0.56,0.577,0.594,0.611,0.627,0.644,0.659,0.675,0.69,0.695,0.701,0.706,0.711,0.716,0.721,0.726
Eritrea,0.098,0.101,0.104,0.108,0.111,0.115,0.118,0.122,0.124,0.125,0.127,0.128,0.13,0.132,0.133,0.135,0.137,0.139,0.14,0.142,0.144,0.146,0.148,0.149,0.152,0.158,0.164,0.17,0.176,0.182,0.189,0.196,0.203,0.21,0.218,0.225,0.233,0.241,0.249,0.257,0.266,0.275,0.283,0.292,0.302,0.311,0.321,0.33,0.34,0.346,0.352,0.358,,,,,,,,
Estonia,0.575,0.583,0.591,0.598,0.606,0.613,0.621,0.628,0.636,0.643,0.649,0.655,0.66,0.665,0.671,0.676,0.681,0.686,0.691,0.695,0.697,0.699,0.701,0.703,0.706,0.708,0.71,0.712,0.714,0.714,0.712,0.71,0.709,0.707,0.705,0.703,0.701,0.699,0.697,0.695,0.694,0.692,0.691,0.69,0.689,0.687,0.686,0.685,0.684,0.682,0.681,0.68,0.68,0.681,0.683,0.684,0.686,0.687,0.689,0.691
Eswatini,0.0391,0.0433,0.048,0.0531,0.0588,0.0649,0.0716,0.0773,0.0834,0.09,0.0971,0.105,0.113,0.121,0.13,0.14,0.15,0.155,0.158,0.161,0.165,0.168,0.172,0.175,0.179,0.183,0.186,0.19,0.194,0.198,0.202,0.206,0.21,0.214,0.219,0.223,0.227,0.231,0.229,0.228,0.227,0.226,0.224,0.223,0.222,0.22,0.219,0.218,0.22,0.223,0.225,0.227,0.228,0.23,0.231,0.233,0.235,0.236,0.238,0.24
Ethiopia,0.0643,0.0665,0.0687,0.071,0.0734,0.0759,0.0784,0.081,0.0826,0.0842,0.0859,0.0876,0.0893,0.091,0.0928,0.0946,0.0964,0.0983,0.1,0.102,0.104,0.106,0.108,0.11,0.112,0.115,0.117,0.119,0.121,0.124,0.126,0.129,0.131,0.134,0.136,0.138,0.14,0.142,0.144,0.146,0.147,0.149,0.151,0.153,0.155,0.157,0.159,0.161,0.165,0.169,0.173,0.177,0.182,0.186,0.19,0.194,0.199,0.203,0.208,0.212
Fiji,0.297,0.302,0.308,0.314,0.32,0.326,0.332,0.336,0.34,0.344,0.348,0.351,0.355,0.359,0.363,0.367,0.371,0.373,0.375,0.376,0.378,0.379,0.381,0.382,0.384,0.385,0.387,0.393,0.401,0.408,0.416,0.424,0.432,0.439,0.447,0.455,0.463,0.467,0.471,0.475,0.479,0.483,0.487,0.491,0.495,0.499,0.503,0.507,0.511,0.517,0.522,0.527,0.532,0.537,0.542,0.547,0.552,0.557,0.562,0.568
Finland,0.553,0.563,0.572,0.58,0.588,0.597,0.605,0.613,0.621,0.629,0.637,0.645,0.654,0.662,0.67,0.678,0.686,0.694,0.702,0.71,0.717,0.725,0.734,0.742,0.75,0.758,0.766,0.773,0.78,0.787,0.794,0.798,0.801,0.804,0.807,0.81,0.812,0.815,0.817,0.819,0.822,0.824,0.825,0.826,0.828,0.829,0.83,0.832,0.833,0.834,0.838,0.843,0.848,0.851,0.852,0.852,0.853,0.853,0.854,0.854
France,0.619,0.626,0.635,0.647,0.659,0.671,0.682,0.694,0.702,0.706,0.711,0.715,0.719,0.723,0.727,0.729,0.73,0.731,0.731,0.732,0.733,0.734,0.734,0.735,0.736,0.737,0.737,0.738,0.739,0.74,0.741,0.742,0.744,0.746,0.747,0.749,0.751,0.753,0.754,0.756,0.759,0.761,0.764,0.766,0.769,0.771,0.774,0.776,0.779,0.781,0.784,0.786,0.789,0.791,0.794,0.797,0.799,0.802,0.804,0.807
Gabon,0.174,0.183,0.196,0.209,0.223,0.238,0.253,0.269,0.285,0.302,0.32,0.341,0.362,0.384,0.407,0.43,0.453,0.476,0.5,0.523,0.547,0.57,0.584,0.597,0.611,0.624,0.637,0.65,0.664,0.678,0.691,0.705,0.717,0.73,0.739,0.748,0.757,0.765,0.773,0.781,0.789,0.796,0.804,0.811,0.818,0.825,0.831,0.837,0.844,0.85,0.855,0.861,0.866,0.872,0.877,0.881,0.886,0.89,0.894,0.897
Gambia,0.121,0.123,0.125,0.129,0.137,0.145,0.154,0.164,0.174,0.184,0.195,0.206,0.218,0.229,0.237,0.244,0.252,0.26,0.268,0.276,0.284,0.293,0.301,0.31,0.32,0.33,0.34,0.351,0.362,0.372,0.383,0.394,0.405,0.416,0.425,0.434,0.443,0.452,0.461,0.47,0.479,0.488,0.497,0.506,0.513,0.52,0.528,0.535,0.542,0.549,0.557,0.564,0.571,0.578,0.585,0.592,0.599,0.606,0.613,0.619
Georgia,0.431,0.436,0.441,0.445,0.45,0.455,0.46,0.465,0.47,0.475,0.48,0.485,0.489,0.494,0.499,0.503,0.508,0.513,0.517,0.522,0.525,0.528,0.532,0.535,0.539,0.542,0.545,0.549,0.552,0.553,0.55,0.548,0.546,0.543,0.541,0.538,0.536,0.534,0.531,0.529,0.526,0.524,0.524,0.528,0.532,0.536,0.54,0.544,0.548,0.551,0.555,0.559,0.563,0.567,0.571,0.574,0.578,0.582,0.586,0.59
Germany,0.714,0.717,0.718,0.718,0.719,0.72,0.72,0.721,0.721,0.722,0.723,0.723,0.724,0.724,0.725,0.726,0.726,0.727,0.727,0.728,0.728,0.73,0.731,0.731,0.729,0.727,0.726,0.728,0.73,0.73,0.731,0.733,0.734,0.735,0.737,0.739,0.741,0.743,0.746,0.748,0.75,0.752,0.754,0.756,0.758,0.76,0.762,0.764,0.766,0.768,0.77,0.772,0.772,0.772,0.772,0.772,0.772,0.773,0.773,0.774
Ghana,0.233,0.238,0.244,0.249,0.255,0.261,0.267,0.273,0.279,0.285,0.29,0.292,0.294,0.296,0.298,0.3,0.303,0.305,0.307,0.309,0.312,0.314,0.316,0.318,0.322,0.329,0.336,0.343,0.35,0.357,0.364,0.372,0.379,0.386,0.394,0.401,0.409,0.417,0.424,0.432,0.439,0.446,0.453,0.46,0.466,0.473,0.48,0.487,0.494,0.5,0.507,0.514,0.521,0.527,0.534,0.541,0.547,0.554,0.561,0.567
Greece,0.559,0.565,0.573,0.582,0.591,0.6,0.608,0.617,0.625,0.634,0.642,0.65,0.655,0.66,0.664,0.669,0.674,0.679,0.684,0.689,0.693,0.697,0.699,0.701,0.703,0.705,0.707,0.709,0.711,0.713,0.715,0.716,0.718,0.719,0.72,0.721,0.722,0.724,0.725,0.726,0.727,0.729,0.733,0.737,0.741,0.745,0.748,0.752,0.756,0.759,0.763,0.766,0.77,0.774,0.777,0.78,0.784,0.787,0.791,0.794
Grenada,0.303,0.305,0.307,0.309,0.311,0.313,0.315,0.317,0.318,0.32,0.322,0.323,0.324,0.324,0.325,0.326,0.326,0.327,0.328,0.328,0.329,0.33,0.33,0.331,0.331,0.332,0.332,0.333,0.333,0.334,0.334,0.335,0.337,0.34,0.342,0.345,0.347,0.35,0.352,0.355,0.357,0.359,0.359,0.359,0.359,0.359,0.359,0.359,0.359,0.359,0.359,0.359,0.359,0.359,0.359,0.36,0.361,0.362,0.363,0.364
Guatemala,0.311,0.318,0.324,0.331,0.337,0.34,0.343,0.346,0.349,0.352,0.355,0.359,0.362,0.365,0.368,0.371,0.374,0.378,0.381,0.384,0.387,0.39,0.394,0.397,0.4,0.403,0.407,0.41,0.413,0.417,0.42,0.423,0.427,0.43,0.433,0.437,0.44,0.443,0.447,0.45,0.453,0.457,0.46,0.463,0.466,0.469,0.472,0.475,0.478,0.481,0.484,0.487,0.49,0.493,0.496,0.5,0.503,0.507,0.511,0.514
Guinea,0.105,0.109,0.114,0.119,0.124,0.13,0.135,0.141,0.147,0.153,0.16,0.166,0.173,0.18,0.188,0.195,0.203,0.211,0.219,0.228,0.236,0.245,0.254,0.261,0.263,0.266,0.269,0.272,0.275,0.277,0.28,0.283,0.286,0.289,0.292,0.295,0.298,0.301,0.303,0.306,0.309,0.311,0.314,0.317,0.32,0.323,0.325,0.328,0.331,0.334,0.337,0.34,0.343,0.345,0.348,0.351,0.355,0.358,0.361,0.365
Guinea-Bissau,0.136,0.137,0.139,0.14,0.142,0.143,0.145,0.147,0.148,0.15,0.151,0.153,0.155,0.156,0.158,0.159,0.161,0.163,0.165,0.168,0.178,0.189,0.2,0.212,0.224,0.237,0.25,0.264,0.278,0.293,0.308,0.324,0.333,0.336,0.34,0.344,0.347,0.351,0.355,0.359,0.362,0.366,0.37,0.374,0.378,0.382,0.385,0.389,0.393,0.397,0.401,0.405,0.409,0.413,0.417,0.421,0.425,0.429,0.434,0.438
Guyana,0.29,0.29,0.291,0.291,0.292,0.292,0.292,0.293,0.293,0.294,0.294,0.295,0.296,0.298,0.299,0.3,0.301,0.302,0.303,0.304,0.305,0.304,0.303,0.302,0.301,0.3,0.299,0.299,0.298,0.297,0.296,0.295,0.294,0.293,0.292,0.291,0.29,0.29,0.289,0.288,0.287,0.286,0.285,0.283,0.281,0.278,0.276,0.273,0.271,0.269,0.266,0.264,0.264,0.264,0.264,0.264,0.265,0.265,0.266,0.267
Haiti,0.156,0.16,0.164,0.168,0.172,0.176,0.18,0.184,0.189,0.193,0.198,0.202,0.203,0.204,0.204,0.204,0.204,0.205,0.205,0.205,0.205,0.206,0.206,0.214,0.223,0.233,0.243,0.253,0.263,0.274,0.285,0.296,0.308,0.314,0.32,0.326,0.332,0.338,0.344,0.35,0.356,0.373,0.389,0.406,0.417,0.426,0.436,0.446,0.456,0.465,0.475,0.485,0.495,0.505,0.514,0.524,0.534,0.543,0.553,0.562
Honduras,0.227,0.233,0.239,0.245,0.251,0.257,0.263,0.27,0.276,0.282,0.289,0.296,0.302,0.309,0.316,0.321,0.327,0.332,0.338,0.343,0.349,0.354,0.36,0.366,0.372,0.377,0.383,0.389,0.395,0.4,0.405,0.41,0.414,0.419,0.424,0.429,0.434,0.439,0.444,0.45,0.455,0.46,0.466,0.473,0.479,0.486,0.492,0.499,0.506,0.512,0.519,0.525,0.532,0.539,0.545,0.552,0.558,0.565,0.571,0.577
Hungary,0.559,0.563,0.568,0.572,0.576,0.58,0.584,0.589,0.593,0.597,0.601,0.605,0.61,0.614,0.618,0.622,0.626,0.631,0.635,0.639,0.642,0.644,0.646,0.647,0.649,0.651,0.653,0.655,0.656,0.658,0.658,0.657,0.656,0.655,0.653,0.652,0.651,0.65,0.648,0.647,0.646,0.647,0.651,0.655,0.659,0.664,0.669,0.674,0.679,0.685,0.689,0.694,0.697,0.7,0.702,0.705,0.708,0.711,0.714,0.716
Iceland,0.803,0.808,0.813,0.818,0.823,0.827,0.832,0.836,0.841,0.845,0.849,0.853,0.856,0.86,0.863,0.867,0.87,0.873,0.876,0.88,0.883,0.885,0.888,0.891,0.893,0.896,0.898,0.901,0.903,0.905,0.908,0.909,0.911,0.913,0.915,0.916,0.918,0.92,0.921,0.923,0.924,0.925,0.927,0.928,0.929,0.93,0.932,0.933,0.934,0.935,0.936,0.936,0.936,0.936,0.937,0.937,0.937,0.938,0.938,0.939
India,0.179,0.18,0.182,0.184,0.186,0.188,0.19,0.192,0.194,0.196,0.198,0.2,0.203,0.207,0.21,0.213,0.217,0.22,0.224,0.227,0.231,0.234,0.236,0.239,0.241,0.243,0.246,0.248,0.251,0.253,0.255,0.258,0.26,0.262,0.264,0.266,0.268,0.27,0.272,0.275,0.277,0.279,0.282,0.286,0.289,0.292,0.296,0.299,0.302,0.306,0.309,0.313,0.316,0.32,0.324,0.328,0.332,0.336,0.34,0.345
Indonesia,0.146,0.148,0.151,0.153,0.155,0.158,0.16,0.163,0.165,0.168,0.171,0.173,0.178,0.183,0.188,0.193,0.199,0.204,0.21,0.215,0.221,0.228,0.236,0.244,0.252,0.261,0.27,0.278,0.287,0.297,0.306,0.316,0.327,0.338,0.349,0.361,0.372,0.384,0.396,0.408,0.42,0.428,0.436,0.444,0.451,0.459,0.467,0.475,0.483,0.491,0.499,0.506,0.513,0.52,0.526,0.533,0.54,0.547,0.553,0.56
Iran,0.337,0.344,0.351,0.357,0.364,0.371,0.378,0.386,0.394,0.403,0.412,0.421,0.43,0.439,0.448,0.457,0.467,0.475,0.482,0.49,0.497,0.504,0.512,0.519,0.527,0.534,0.541,0.547,0.553,0.558,0.563,0.569,0.577,0.585,0.594,0.602,0.611,0.619,0.626,0.633,0.64,0.648,0.655,0.662,0.669,0.676,0.682,0.689,0.695,0.7,0.706,0.712,0.718,0.723,0.728,0.734,0.739,0.744,0.749,0.754
Iraq,0.429,0.444,0.46,0.475,0.491,0.507,0.519,0.529,0.54,0.551,0.562,0.572,0.583,0.593,0.604,0.614,0.624,0.634,0.642,0.649,0.655,0.662,0.668,0.675,0.681,0.688,0.694,0.7,0.701,0.699,0.697,0.695,0.693,0.692,0.69,0.688,0.686,0.684,0.684,0.684,0.685,0.685,0.686,0.687,0.687,0.688,0.688,0.689,0.689,0.69,0.691,0.693,0.694,0.696,0.698,0.699,0.701,0.703,0.705,0.707
Ireland,0.452,0.454,0.456,0.458,0.46,0.462,0.466,0.478,0.49,0.501,0.513,0.523,0.526,0.53,0.533,0.536,0.54,0.543,0.547,0.55,0.553,0.556,0.558,0.56,0.561,0.563,0.564,0.566,0.567,0.568,0.569,0.571,0.573,0.575,0.577,0.579,0.582,0.584,0.587,0.589,0.592,0.594,0.596,0.599,0.602,0.605,0.607,0.609,0.611,0.613,0.615,0.617,0.619,0.621,0.623,0.625,0.627,0.629,0.632,0.634
Israel,0.768,0.78,0.788,0.795,0.802,0.809,0.816,0.823,0.83,0.836,0.842,0.848,0.854,0.858,0.862,0.866,0.871,0.875,0.878,0.882,0.886,0.889,0.893,0.896,0.897,0.898,0.899,0.9,0.902,0.903,0.904,0.905,0.906,0.907,0.908,0.909,0.909,0.91,0.911,0.911,0.912,0.913,0.913,0.914,0.915,0.915,0.916,0.916,0.917,0.918,0.918,0.919,0.92,0.92,0.921,0.922,0.923,0.923,0.924,0.925
Italy,0.594,0.599,0.604,0.609,0.614,0.618,0.623,0.628,0.633,0.638,0.643,0.648,0.65,0.652,0.654,0.656,0.658,0.66,0.662,0.664,0.666,0.668,0.669,0.669,0.668,0.668,0.668,0.668,0.668,0.667,0.667,0.667,0.667,0.668,0.669,0.669,0.67,0.67,0.671,0.672,0.672,0.673,0.674,0.675,0.676,0.677,0.679,0.68,0.681,0.682,0.683,0.684,0.687,0.69,0.693,0.696,0.699,0.701,0.704,0.707
Jamaica,0.338,0.345,0.352,0.36,0.367,0.375,0.383,0.39,0.398,0.406,0.413,0.419,0.424,0.429,0.435,0.44,0.446,0.451,0.456,0.462,0.467,0.473,0.478,0.48,0.482,0.484,0.486,0.488,0.49,0.492,0.494,0.497,0.499,0.501,0.504,0.506,0.509,0.511,0.513,0.516,0.518,0.521,0.523,0.524,0.526,0.528,0.53,0.532,0.534,0.536,0.537,0.539,0.541,0.544,0.546,0.548,0.551,0.554,0.557,0.56
Japan,0.633,0.642,0.651,0.661,0.67,0.679,0.687,0.695,0.703,0.711,0.719,0.727,0.735,0.742,0.75,0.757,0.759,0.76,0.761,0.761,0.762,0.763,0.764,0.765,0.766,0.767,0.768,0.77,0.771,0.772,0.773,0.775,0.776,0.777,0.779,0.78,0.781,0.783,0.784,0.785,0.786,0.8,0.816,0.832,0.846,0.86,0.871,0.881,0.891,0.9,0.908,0.911,0.911,0.912,0.913,0.914,0.915,0.915,0.916,0.917
Jordan,0.509,0.524,0.532,0.536,0.539,0.543,0.546,0.55,0.553,0.556,0.56,0.563,0.566,0.57,0.573,0.576,0.58,0.583,0.586,0.59,0.6,0.615,0.629,0.643,0.657,0.67,0.683,0.696,0.709,0.721,0.733,0.745,0.756,0.767,0.777,0.782,0.782,0.782,0.782,0.783,0.783,0.783,0.783,0.783,0.783,0.795,0.81,0.824,0.837,0.849,0.861,0.872,0.882,0.891,0.9,0.903,0.905,0.907,0.91,0.912
Kazakhstan,0.442,0.447,0.453,0.458,0.464,0.47,0.477,0.483,0.49,0.496,0.502,0.508,0.513,0.518,0.523,0.526,0.528,0.531,0.534,0.537,0.541,0.546,0.55,0.555,0.559,0.56,0.561,0.562,0.563,0.564,0.563,0.562,0.561,0.56,0.559,0.559,0.559,0.56,0.56,0.56,0.561,0.562,0.562,0.563,0.564,0.565,0.565,0.566,0.567,0.568,0.568,0.569,0.57,0.57,0.571,0.572,0.573,0.573,0.574,0.575
Kenya,0.0736,0.0756,0.0777,0.0804,0.0832,0.0861,0.089,0.0921,0.0953,0.0985,0.103,0.108,0.113,0.118,0.123,0.129,0.135,0.141,0.147,0.154,0.156,0.157,0.158,0.159,0.16,0.161,0.162,0.163,0.164,0.165,0.167,0.17,0.173,0.176,0.18,0.183,0.186,0.189,0.192,0.196,0.199,0.202,0.206,0.209,0.213,0.217,0.22,0.224,0.228,0.232,0.236,0.24,0.244,0.248,0.252,0.257,0.261,0.266,0.27,0.275
Kiribati,0.163,0.169,0.176,0.182,0.189,0.196,0.204,0.211,0.219,0.229,0.241,0.253,0.267,0.28,0.29,0.296,0.303,0.309,0.316,0.32,0.323,0.325,0.328,0.33,0.333,0.335,0.338,0.341,0.344,0.347,0.35,0.353,0.356,0.358,0.361,0.364,0.374,0.388,0.401,0.415,0.43,0.435,0.435,0.435,0.435,0.436,0.44,0.449,0.457,0.465,0.474,0.482,0.491,0.499,0.508,0.516,0.525,0.533,0.541,0.548
Kuwait,0.749,0.758,0.767,0.775,0.783,0.793,0.807,0.821,0.834,0.846,0.857,0.864,0.872,0.879,0.886,0.894,0.907,0.919,0.93,0.939,0.948,0.957,0.964,0.97,0.976,0.979,0.979,0.979,0.979,0.98,0.98,0.98,0.98,0.98,0.98,0.981,0.983,0.985,0.987,0.989,0.99,0.999,1,1,1,1,1,1,1,1,1,1,1,1,1,1,1,1,1,1
Kyrgyz Republic,0.342,0.345,0.348,0.352,0.355,0.359,0.362,0.365,0.369,0.372,0.375,0.376,0.378,0.379,0.38,0.382,0.383,0.385,0.386,0.387,0.386,0.386,0.385,0.385,0.384,0.384,0.383,0.383,0.382,0.381,0.378,0.375,0.372,0.369,0.366,0.363,0.361,0.358,0.355,0.353,0.353,0.353,0.353,0.353,0.353,0.353,0.353,0.353,0.353,0.353,0.353,0.354,0.354,0.355,0.356,0.358,0.359,0.361,0.364,0.366
Lao,0.0795,0.0802,0.081,0.0817,0.0825,0.0832,0.084,0.0869,0.0899,0.093,0.0963,0.0996,0.103,0.106,0.108,0.111,0.113,0.116,0.118,0.121,0.124,0.127,0.129,0.132,0.135,0.138,0.141,0.144,0.148,0.151,0.154,0.158,0.161,0.165,0.169,0.174,0.182,0.191,0.2,0.21,0.22,0.23,0.24,0.251,0.262,0.272,0.277,0.283,0.289,0.295,0.301,0.307,0.313,0.319,0.325,0.331,0.337,0.344,0.35,0.356
Latvia,0.529,0.537,0.545,0.553,0.56,0.568,0.576,0.584,0.592,0.599,0.607,0.614,0.621,0.628,0.635,0.642,0.648,0.655,0.661,0.667,0.671,0.674,0.677,0.68,0.683,0.686,0.688,0.689,0.691,0.692,0.693,0.692,0.689,0.688,0.689,0.688,0.687,0.686,0.685,0.682,0.681,0.68,0.678,0.678,0.679,0.68,0.68,0.679,0.678,0.678,0.678,0.679,0.679,0.679,0.68,0.68,0.68,0.681,0.681,0.682
Lebanon,0.423,0.44,0.458,0.475,0.492,0.509,0.527,0.544,0.561,0.578,0.595,0.611,0.626,0.641,0.655,0.67,0.684,0.698,0.711,0.724,0.737,0.749,0.761,0.772,0.784,0.794,0.805,0.814,0.824,0.828,0.831,0.835,0.838,0.842,0.845,0.848,0.851,0.855,0.858,0.859,0.86,0.861,0.862,0.864,0.865,0.866,0.868,0.869,0.87,0.872,0.873,0.875,0.876,0.878,0.879,0.881,0.883,0.884,0.886,0.888
Lesotho,0.0351,0.0396,0.0446,0.0503,0.0566,0.0637,0.0707,0.0742,0.078,0.082,0.0861,0.0904,0.0947,0.099,0.104,0.108,0.112,0.113,0.113,0.114,0.114,0.115,0.116,0.116,0.117,0.118,0.119,0.124,0.129,0.134,0.14,0.145,0.151,0.157,0.163,0.17,0.176,0.18,0.185,0.19,0.195,0.201,0.206,0.211,0.217,0.222,0.228,0.233,0.238,0.243,0.248,0.253,0.257,0.261,0.265,0.269,0.273,0.277,0.282,0.286
Liberia,0.186,0.193,0.2,0.207,0.214,0.221,0.229,0.236,0.244,0.252,0.26,0.269,0.277,0.286,0.295,0.304,0.313,0.323,0.332,0.342,0.352,0.362,0.372,0.382,0.398,0.424,0.45,0.476,0.502,0.528,0.554,0.58,0.55,0.52,0.49,0.46,0.43,0.433,0.436,0.44,0.443,0.447,0.45,0.454,0.457,0.461,0.464,0.467,0.471,0.474,0.478,0.482,0.486,0.49,0.494,0.498,0.503,0.507,0.512,0.516
Libya,0.273,0.282,0.291,0.3,0.309,0.337,0.367,0.398,0.431,0.464,0.497,0.53,0.563,0.595,0.612,0.628,0.643,0.658,0.673,0.687,0.701,0.715,0.728,0.741,0.753,0.755,0.755,0.756,0.756,0.757,0.757,0.758,0.758,0.759,0.759,0.76,0.76,0.761,0.762,0.763,0.764,0.765,0.766,0.768,0.769,0.771,0.773,0.774,0.776,0.778,0.781,0.783,0.785,0.788,0.79,0.793,0.795,0.798,0.801,0.804
Liechtenstein,0.204,0.203,0.201,0.199,0.197,0.195,0.193,0.191,0.189,0.187,0.185,0.184,0.184,0.183,0.183,0.183,0.183,0.183,0.183,0.183,0.183,0.182,0.18,0.179,0.178,0.176,0.175,0.173,0.172,0.171,0.169,0.168,0.167,0.167,0.166,0.165,0.163,0.16,0.157,0.154,0.151,0.15,0.149,0.148,0.148,0.147,0.147,0.146,0.146,0.145,0.145,0.144,0.144,0.143,0.143,0.143,0.143,0.143,0.143,0.144
Lithuania,0.395,0.404,0.414,0.424,0.434,0.445,0.455,0.465,0.475,0.485,0.496,0.507,0.52,0.532,0.545,0.557,0.569,0.581,0.593,0.604,0.612,0.619,0.627,0.635,0.643,0.65,0.658,0.665,0.673,0.676,0.676,0.675,0.675,0.674,0.673,0.673,0.672,0.672,0.671,0.67,0.67,0.669,0.668,0.667,0.666,0.666,0.667,0.668,0.668,0.668,0.668,0.667,0.669,0.67,0.671,0.672,0.674,0.675,0.677,0.679
Luxembourg,0.696,0.699,0.704,0.71,0.715,0.72,0.725,0.729,0.734,0.739,0.744,0.749,0.755,0.761,0.767,0.773,0.779,0.784,0.79,0.795,0.8,0.804,0.805,0.806,0.806,0.807,0.807,0.808,0.808,0.809,0.809,0.811,0.815,0.819,0.825,0.829,0.828,0.828,0.829,0.834,0.842,0.848,0.853,0.857,0.862,0.866,0.87,0.874,0.878,0.882,0.885,0.889,0.892,0.896,0.899,0.902,0.905,0.907,0.91,0.912
Madagascar,0.106,0.11,0.113,0.117,0.12,0.124,0.127,0.131,0.134,0.138,0.141,0.145,0.15,0.154,0.159,0.163,0.168,0.172,0.176,0.181,0.185,0.19,0.195,0.199,0.204,0.209,0.214,0.22,0.225,0.23,0.236,0.241,0.247,0.253,0.255,0.258,0.261,0.263,0.266,0.269,0.271,0.274,0.277,0.279,0.282,0.288,0.294,0.3,0.307,0.313,0.319,0.326,0.332,0.339,0.345,0.352,0.359,0.365,0.372,0.379
Malawi,0.0439,0.0449,0.0459,0.0469,0.048,0.0491,0.0502,0.0525,0.055,0.0577,0.0605,0.0634,0.0665,0.0697,0.073,0.0765,0.0802,0.0839,0.0864,0.0884,0.0905,0.0926,0.0948,0.097,0.0993,0.102,0.104,0.106,0.109,0.112,0.116,0.119,0.122,0.126,0.129,0.133,0.136,0.14,0.144,0.145,0.146,0.147,0.148,0.149,0.15,0.151,0.151,0.152,0.153,0.154,0.155,0.157,0.158,0.16,0.161,0.163,0.165,0.167,0.169,0.172
Malaysia,0.266,0.272,0.279,0.286,0.292,0.299,0.306,0.313,0.32,0.327,0.335,0.343,0.351,0.359,0.368,0.377,0.385,0.394,0.403,0.412,0.42,0.428,0.436,0.443,0.451,0.459,0.467,0.475,0.482,0.49,0.498,0.506,0.518,0.531,0.544,0.557,0.57,0.582,0.595,0.607,0.62,0.629,0.639,0.648,0.657,0.666,0.675,0.684,0.692,0.701,0.709,0.716,0.723,0.729,0.736,0.742,0.748,0.754,0.76,0.766
Maldives,0.112,0.112,0.113,0.113,0.114,0.115,0.114,0.113,0.115,0.117,0.119,0.128,0.139,0.149,0.161,0.173,0.186,0.2,0.21,0.216,0.223,0.229,0.236,0.243,0.25,0.255,0.256,0.256,0.257,0.258,0.258,0.258,0.257,0.256,0.256,0.256,0.26,0.264,0.268,0.271,0.277,0.289,0.3,0.313,0.325,0.338,0.348,0.352,0.356,0.36,0.364,0.368,0.373,0.377,0.381,0.385,0.39,0.394,0.398,0.402
Mali,0.111,0.114,0.117,0.12,0.123,0.126,0.129,0.133,0.136,0.14,0.143,0.147,0.151,0.155,0.158,0.162,0.167,0.171,0.175,0.18,0.185,0.19,0.195,0.2,0.205,0.21,0.215,0.221,0.225,0.229,0.233,0.238,0.242,0.246,0.251,0.255,0.26,0.264,0.269,0.276,0.284,0.291,0.298,0.305,0.313,0.321,0.328,0.336,0.344,0.352,0.36,0.368,0.376,0.384,0.392,0.4,0.408,0.416,0.424,0.431
Malta,0.901,0.901,0.9,0.899,0.899,0.898,0.898,0.897,0.897,0.897,0.897,0.897,0.897,0.897,0.897,0.897,0.898,0.898,0.898,0.898,0.898,0.898,0.898,0.898,0.898,0.898,0.899,0.9,0.901,0.903,0.904,0.905,0.906,0.907,0.908,0.909,0.912,0.915,0.918,0.921,0.924,0.926,0.929,0.932,0.934,0.936,0.938,0.939,0.939,0.94,0.941,0.941,0.942,0.943,0.943,0.944,0.945,0.945,0.946,0.947
Marshall Islands,0.356,0.37,0.384,0.398,0.412,0.427,0.441,0.456,0.482,0.509,0.535,0.561,0.587,0.612,0.611,0.606,0.602,0.597,0.592,0.588,0.583,0.588,0.596,0.604,0.612,0.619,0.627,0.635,0.642,0.647,0.651,0.654,0.657,0.661,0.664,0.667,0.671,0.674,0.677,0.681,0.686,0.691,0.696,0.701,0.706,0.711,0.716,0.721,0.726,0.731,0.736,0.74,0.745,0.749,0.754,0.758,0.762,0.766,0.77,0.774
Mauritania,0.0688,0.0743,0.0803,0.0867,0.0936,0.101,0.109,0.117,0.126,0.136,0.146,0.156,0.168,0.18,0.192,0.206,0.22,0.233,0.246,0.26,0.274,0.288,0.303,0.318,0.334,0.35,0.366,0.383,0.396,0.394,0.393,0.392,0.391,0.39,0.388,0.387,0.386,0.385,0.383,0.382,0.381,0.386,0.395,0.404,0.412,0.421,0.43,0.439,0.448,0.457,0.466,0.475,0.484,0.493,0.502,0.511,0.52,0.528,0.537,0.545
Mauritius,0.351,0.358,0.366,0.373,0.38,0.388,0.395,0.403,0.41,0.418,0.426,0.433,0.441,0.439,0.437,0.434,0.432,0.43,0.428,0.426,0.424,0.421,0.419,0.417,0.42,0.423,0.426,0.43,0.433,0.436,0.439,0.438,0.437,0.435,0.434,0.433,0.432,0.43,0.429,0.428,0.427,0.426,0.424,0.423,0.422,0.421,0.42,0.419,0.418,0.417,0.416,0.414,0.413,0.412,0.411,0.41,0.409,0.408,0.408,0.408
Mexico,0.508,0.516,0.524,0.533,0.541,0.549,0.558,0.566,0.574,0.582,0.59,0.598,0.605,0.613,0.62,0.628,0.635,0.642,0.649,0.656,0.663,0.669,0.674,0.679,0.684,0.69,0.695,0.7,0.705,0.71,0.714,0.718,0.722,0.726,0.73,0.734,0.737,0.739,0.742,0.744,0.747,0.75,0.754,0.757,0.76,0.763,0.766,0.769,0.772,0.775,0.778,0.781,0.784,0.787,0.79,0.793,0.796,0.799,0.802,0.804
"Micronesia, Fed. Sts.",0.223,0.226,0.228,0.23,0.233,0.235,0.238,0.24,0.243,0.246,0.248,0.251,0.253,0.256,0.257,0.259,0.26,0.261,0.262,0.263,0.264,0.264,0.264,0.263,0.262,0.261,0.261,0.26,0.259,0.259,0.258,0.258,0.257,0.256,0.256,0.251,0.245,0.239,0.233,0.227,0.223,0.223,0.223,0.223,0.223,0.223,0.223,0.223,0.223,0.223,0.223,0.223,0.223,0.224,0.224,0.225,0.225,0.226,0.227,0.228
Moldova,0.234,0.242,0.25,0.259,0.267,0.276,0.284,0.293,0.303,0.312,0.321,0.329,0.337,0.345,0.354,0.362,0.371,0.379,0.388,0.396,0.404,0.411,0.419,0.426,0.434,0.442,0.449,0.457,0.465,0.469,0.468,0.467,0.466,0.465,0.464,0.463,0.462,0.458,0.454,0.45,0.446,0.442,0.438,0.434,0.43,0.428,0.427,0.427,0.427,0.427,0.426,0.426,0.426,0.425,0.425,0.425,0.425,0.426,0.426,0.427
Monaco,1,1,1,1,1,1,1,1,1,1,1,1,1,1,1,1,1,1,1,1,1,1,1,1,1,1,1,1,1,1,1,1,1,1,1,1,1,1,1,1,1,1,1,1,1,1,1,1,1,1,1,1,1,1,1,1,1,1,1,1
Mongolia,0.357,0.377,0.397,0.411,0.416,0.421,0.426,0.432,0.437,0.443,0.451,0.458,0.465,0.472,0.479,0.487,0.494,0.501,0.508,0.515,0.521,0.527,0.533,0.539,0.545,0.55,0.556,0.562,0.568,0.571,0.57,0.57,0.569,0.569,0.569,0.568,0.568,0.567,0.567,0.566,0.571,0.582,0.593,0.604,0.614,0.625,0.635,0.646,0.656,0.666,0.676,0.68,0.68,0.681,0.682,0.682,0.683,0.684,0.684,0.685
Montenegro,0.188,0.195,0.202,0.21,0.218,0.226,0.234,0.242,0.251,0.26,0.269,0.278,0.287,0.297,0.306,0.316,0.326,0.337,0.347,0.357,0.368,0.379,0.39,0.401,0.412,0.423,0.435,0.446,0.457,0.469,0.48,0.492,0.502,0.513,0.523,0.534,0.544,0.555,0.565,0.575,0.585,0.596,0.606,0.616,0.621,0.625,0.628,0.631,0.635,0.638,0.641,0.645,0.648,0.651,0.655,0.658,0.661,0.665,0.668,0.672
Morocco,0.294,0.298,0.303,0.308,0.314,0.319,0.324,0.329,0.334,0.339,0.345,0.35,0.357,0.363,0.37,0.377,0.384,0.391,0.398,0.405,0.412,0.419,0.426,0.433,0.441,0.448,0.455,0.462,0.469,0.477,0.484,0.491,0.498,0.506,0.513,0.517,0.52,0.524,0.527,0.53,0.533,0.537,0.54,0.543,0.546,0.552,0.557,0.563,0.569,0.575,0.58,0.586,0.591,0.597,0.603,0.608,0.614,0.619,0.625,0.63
Mozambique,0.0687,0.0705,0.0725,0.0745,0.0765,0.0786,0.0807,0.083,0.0852,0.0875,0.0899,0.093,0.0967,0.101,0.105,0.109,0.113,0.117,0.122,0.127,0.132,0.141,0.15,0.161,0.172,0.183,0.195,0.208,0.222,0.235,0.25,0.255,0.26,0.265,0.27,0.275,0.28,0.285,0.287,0.289,0.291,0.293,0.295,0.296,0.298,0.3,0.302,0.304,0.308,0.313,0.318,0.323,0.328,0.334,0.339,0.344,0.349,0.355,0.36,0.365
Myanmar,0.192,0.196,0.199,0.203,0.206,0.21,0.213,0.217,0.221,0.224,0.228,0.232,0.236,0.239,0.239,0.239,0.239,0.239,0.24,0.24,0.24,0.24,0.24,0.24,0.242,0.244,0.246,0.247,0.249,0.251,0.252,0.254,0.256,0.258,0.259,0.261,0.263,0.265,0.267,0.268,0.27,0.272,0.274,0.276,0.278,0.279,0.281,0.283,0.285,0.287,0.289,0.291,0.293,0.295,0.296,0.299,0.301,0.303,0.306,0.309
Namibia,0.179,0.183,0.187,0.192,0.196,0.2,0.205,0.209,0.214,0.219,0.223,0.226,0.228,0.231,0.234,0.237,0.239,0.242,0.245,0.248,0.251,0.254,0.256,0.259,0.261,0.264,0.266,0.269,0.271,0.274,0.277,0.279,0.283,0.288,0.293,0.298,0.303,0.308,0.313,0.319,0.324,0.329,0.338,0.347,0.357,0.366,0.376,0.386,0.396,0.406,0.416,0.426,0.437,0.448,0.458,0.469,0.48,0.49,0.5,0.51
Nauru,1,1,1,1,1,1,1,1,1,1,1,1,1,1,1,1,1,1,1,1,1,1,1,1,1,1,1,1,1,1,1,1,1,1,1,1,1,1,1,1,1,1,1,1,1,1,1,1,1,1,1,1,1,1,1,1,1,1,1,1
Nepal,0.0348,0.0357,0.0361,0.0365,0.0369,0.0374,0.0378,0.0382,0.0387,0.0391,0.0396,0.04,0.042,0.044,0.0461,0.0483,0.0506,0.053,0.0555,0.0582,0.0609,0.0638,0.0662,0.0686,0.0712,0.0739,0.0766,0.0794,0.0824,0.0854,0.0885,0.0918,0.0958,0.1,0.104,0.109,0.113,0.118,0.123,0.129,0.134,0.139,0.142,0.145,0.148,0.151,0.155,0.158,0.161,0.164,0.168,0.171,0.175,0.178,0.182,0.186,0.189,0.193,0.197,0.202
Netherlands,0.598,0.6,0.602,0.604,0.606,0.608,0.609,0.611,0.613,0.615,0.617,0.619,0.622,0.625,0.629,0.632,0.635,0.638,0.641,0.644,0.647,0.651,0.655,0.659,0.663,0.667,0.671,0.675,0.679,0.683,0.687,0.693,0.702,0.711,0.72,0.728,0.736,0.745,0.753,0.76,0.768,0.778,0.791,0.803,0.815,0.826,0.836,0.845,0.854,0.863,0.871,0.879,0.886,0.892,0.897,0.902,0.906,0.911,0.915,0.919
New Zealand,0.76,0.765,0.771,0.777,0.783,0.789,0.794,0.799,0.803,0.807,0.811,0.815,0.818,0.821,0.825,0.828,0.83,0.831,0.832,0.833,0.834,0.835,0.836,0.836,0.836,0.837,0.838,0.84,0.843,0.845,0.847,0.85,0.851,0.853,0.854,0.856,0.857,0.858,0.859,0.859,0.86,0.861,0.862,0.862,0.863,0.863,0.864,0.863,0.863,0.862,0.862,0.861,0.862,0.862,0.863,0.863,0.864,0.865,0.865,0.866
Nicaragua,0.396,0.4,0.405,0.41,0.419,0.427,0.436,0.444,0.453,0.462,0.47,0.478,0.481,0.483,0.486,0.489,0.492,0.495,0.497,0.5,0.503,0.506,0.508,0.511,0.514,0.517,0.52,0.522,0.525,0.528,0.531,0.534,0.536,0.539,0.542,0.544,0.546,0.547,0.549,0.55,0.552,0.553,0.555,0.556,0.558,0.559,0.561,0.563,0.565,0.567,0.569,0.571,0.573,0.575,0.577,0.579,0.581,0.583,0.585,0.588
Niger,0.0579,0.059,0.06,0.0626,0.0653,0.0681,0.071,0.0749,0.0791,0.0834,0.0879,0.0927,0.0977,0.103,0.108,0.114,0.12,0.126,0.13,0.132,0.134,0.137,0.139,0.141,0.143,0.145,0.148,0.15,0.152,0.153,0.154,0.154,0.155,0.156,0.157,0.158,0.159,0.159,0.16,0.161,0.162,0.163,0.163,0.163,0.162,0.162,0.162,0.162,0.162,0.162,0.162,0.162,0.162,0.162,0.162,0.162,0.163,0.164,0.164,0.165
Nigeria,0.154,0.156,0.159,0.161,0.163,0.166,0.168,0.17,0.173,0.175,0.178,0.182,0.185,0.19,0.194,0.198,0.202,0.206,0.211,0.215,0.22,0.227,0.234,0.241,0.249,0.256,0.264,0.272,0.28,0.288,0.297,0.302,0.307,0.312,0.317,0.322,0.327,0.332,0.338,0.343,0.348,0.357,0.365,0.374,0.382,0.391,0.399,0.408,0.417,0.426,0.435,0.444,0.452,0.461,0.47,0.478,0.487,0.495,0.503,0.512
North Korea,0.402,0.412,0.421,0.431,0.441,0.451,0.461,0.471,0.49,0.516,0.542,0.547,0.552,0.557,0.562,0.567,0.567,0.568,0.568,0.569,0.569,0.57,0.572,0.573,0.575,0.576,0.578,0.579,0.581,0.582,0.584,0.585,0.587,0.588,0.589,0.59,0.591,0.592,0.593,0.593,0.594,0.595,0.596,0.596,0.597,0.598,0.599,0.6,0.6,0.602,0.604,0.606,0.607,0.609,0.611,0.613,0.615,0.617,0.619,0.621
North Macedonia,0.34,0.352,0.365,0.378,0.39,0.404,0.417,0.43,0.444,0.457,0.471,0.482,0.488,0.494,0.5,0.506,0.512,0.517,0.523,0.529,0.535,0.54,0.544,0.549,0.553,0.557,0.561,0.565,0.57,0.574,0.578,0.582,0.588,0.593,0.598,0.596,0.594,0.592,0.59,0.588,0.585,0.583,0.581,0.579,0.577,0.575,0.574,0.573,0.572,0.571,0.571,0.571,0.571,0.572,0.573,0.574,0.576,0.577,0.58,0.582
Norway,0.499,0.51,0.527,0.543,0.559,0.576,0.592,0.608,0.623,0.639,0.654,0.662,0.667,0.672,0.677,0.682,0.687,0.691,0.696,0.701,0.705,0.708,0.709,0.71,0.712,0.713,0.714,0.716,0.717,0.718,0.72,0.723,0.727,0.731,0.735,0.738,0.741,0.745,0.75,0.756,0.76,0.764,0.767,0.771,0.774,0.777,0.78,0.782,0.785,0.788,0.791,0.795,0.799,0.803,0.807,0.811,0.815,0.819,0.822,0.826
Oman,0.164,0.175,0.186,0.198,0.21,0.223,0.237,0.251,0.266,0.281,0.297,0.313,0.33,0.347,0.364,0.382,0.4,0.419,0.438,0.457,0.476,0.495,0.514,0.533,0.552,0.571,0.589,0.608,0.626,0.644,0.661,0.678,0.694,0.71,0.717,0.717,0.716,0.716,0.716,0.716,0.716,0.715,0.715,0.715,0.718,0.724,0.73,0.735,0.741,0.746,0.752,0.762,0.776,0.789,0.801,0.813,0.825,0.836,0.845,0.854
Pakistan,0.221,0.225,0.228,0.23,0.233,0.235,0.238,0.24,0.243,0.246,0.248,0.251,0.254,0.257,0.26,0.263,0.267,0.27,0.274,0.277,0.281,0.284,0.286,0.289,0.291,0.293,0.296,0.298,0.301,0.303,0.306,0.308,0.311,0.313,0.316,0.318,0.321,0.323,0.326,0.328,0.33,0.332,0.334,0.336,0.338,0.34,0.342,0.344,0.346,0.348,0.35,0.352,0.354,0.356,0.358,0.36,0.362,0.364,0.367,0.369
Palau,0.568,0.571,0.574,0.577,0.58,0.583,0.586,0.589,0.591,0.594,0.597,0.6,0.603,0.606,0.609,0.611,0.614,0.617,0.62,0.623,0.625,0.634,0.644,0.654,0.664,0.674,0.682,0.685,0.689,0.692,0.696,0.7,0.703,0.707,0.711,0.714,0.713,0.711,0.708,0.706,0.703,0.701,0.698,0.696,0.704,0.712,0.719,0.727,0.734,0.741,0.748,0.755,0.762,0.769,0.775,0.782,0.788,0.794,0.799,0.805
Palestine,,,,,,,,,,,,,,,,,,,,,,,,,,,,,,,0.677,0.682,0.687,0.692,0.697,0.702,0.707,0.712,0.715,0.717,0.72,0.722,0.724,0.726,0.728,0.731,0.733,0.735,0.737,0.739,0.741,0.744,0.746,0.749,0.751,0.754,0.756,0.759,0.762,0.764
Panama,0.412,0.419,0.425,0.431,0.438,0.444,0.451,0.457,0.464,0.47,0.476,0.479,0.482,0.485,0.488,0.49,0.493,0.496,0.499,0.502,0.504,0.508,0.511,0.515,0.518,0.521,0.525,0.528,0.532,0.535,0.539,0.548,0.556,0.565,0.573,0.581,0.59,0.598,0.606,0.615,0.622,0.625,0.628,0.631,0.634,0.637,0.64,0.643,0.646,0.649,0.651,0.654,0.657,0.661,0.664,0.667,0.67,0.674,0.677,0.681
Papua New Guinea,0.0373,0.0402,0.0435,0.0469,0.0507,0.0547,0.059,0.0671,0.0763,0.0865,0.098,0.111,0.113,0.115,0.117,0.119,0.121,0.124,0.126,0.128,0.13,0.132,0.134,0.136,0.138,0.14,0.142,0.144,0.146,0.148,0.15,0.148,0.146,0.144,0.143,0.141,0.139,0.137,0.135,0.134,0.132,0.132,0.132,0.131,0.131,0.131,0.131,0.131,0.131,0.13,0.13,0.13,0.13,0.13,0.13,0.13,0.131,0.131,0.132,0.133
Paraguay,0.356,0.357,0.358,0.359,0.361,0.362,0.364,0.366,0.367,0.369,0.371,0.372,0.374,0.379,0.384,0.39,0.395,0.401,0.406,0.411,0.417,0.422,0.428,0.435,0.442,0.45,0.457,0.465,0.472,0.479,0.487,0.494,0.502,0.508,0.515,0.521,0.528,0.534,0.541,0.547,0.553,0.56,0.566,0.57,0.573,0.576,0.58,0.583,0.586,0.589,0.593,0.596,0.599,0.602,0.605,0.608,0.61,0.613,0.616,0.619
Peru,0.468,0.474,0.485,0.496,0.508,0.519,0.53,0.541,0.552,0.563,0.574,0.585,0.595,0.602,0.608,0.615,0.621,0.627,0.633,0.64,0.646,0.652,0.656,0.66,0.664,0.669,0.673,0.677,0.681,0.685,0.689,0.693,0.697,0.701,0.705,0.71,0.714,0.718,0.722,0.726,0.73,0.734,0.738,0.742,0.746,0.75,0.754,0.758,0.761,0.762,0.764,0.766,0.768,0.77,0.772,0.774,0.775,0.777,0.779,0.781
Philippines,0.303,0.306,0.308,0.311,0.313,0.316,0.319,0.321,0.324,0.327,0.33,0.335,0.34,0.345,0.351,0.356,0.359,0.363,0.366,0.37,0.375,0.384,0.393,0.403,0.413,0.422,0.432,0.442,0.452,0.462,0.47,0.469,0.468,0.467,0.466,0.466,0.465,0.464,0.463,0.462,0.461,0.46,0.46,0.459,0.458,0.457,0.456,0.455,0.455,0.454,0.453,0.455,0.457,0.459,0.461,0.463,0.465,0.467,0.469,0.471
Poland,0.479,0.485,0.489,0.493,0.497,0.501,0.505,0.509,0.513,0.517,0.521,0.527,0.533,0.54,0.546,0.553,0.559,0.566,0.572,0.577,0.581,0.585,0.588,0.592,0.596,0.599,0.603,0.607,0.61,0.612,0.613,0.613,0.614,0.614,0.614,0.615,0.615,0.616,0.616,0.617,0.617,0.618,0.618,0.617,0.616,0.615,0.613,0.612,0.611,0.61,0.609,0.608,0.607,0.605,0.604,0.603,0.602,0.601,0.601,0.6
Portugal,0.35,0.353,0.357,0.361,0.365,0.369,0.373,0.376,0.38,0.384,0.388,0.392,0.396,0.4,0.404,0.408,0.412,0.416,0.42,0.424,0.428,0.432,0.437,0.443,0.448,0.453,0.458,0.463,0.469,0.474,0.479,0.485,0.491,0.498,0.504,0.511,0.518,0.524,0.531,0.537,0.544,0.55,0.557,0.563,0.569,0.575,0.581,0.587,0.594,0.6,0.606,0.612,0.618,0.624,0.629,0.635,0.641,0.647,0.652,0.658
Qatar,0.853,0.857,0.861,0.865,0.868,0.871,0.873,0.876,0.878,0.881,0.884,0.886,0.887,0.888,0.888,0.889,0.89,0.891,0.891,0.892,0.894,0.895,0.897,0.898,0.9,0.901,0.904,0.911,0.917,0.922,0.928,0.933,0.938,0.942,0.946,0.95,0.954,0.957,0.959,0.961,0.963,0.965,0.967,0.969,0.971,0.974,0.977,0.979,0.981,0.983,0.985,0.986,0.987,0.988,0.989,0.989,0.99,0.991,0.991,0.992
Romania,0.342,0.349,0.356,0.363,0.37,0.377,0.383,0.388,0.393,0.398,0.403,0.408,0.413,0.418,0.423,0.428,0.433,0.439,0.446,0.454,0.461,0.468,0.475,0.482,0.489,0.496,0.504,0.511,0.518,0.525,0.532,0.539,0.542,0.541,0.539,0.538,0.536,0.535,0.533,0.532,0.53,0.529,0.528,0.529,0.53,0.532,0.533,0.534,0.536,0.537,0.538,0.54,0.54,0.539,0.539,0.539,0.539,0.539,0.54,0.541
Russia,0.537,0.546,0.555,0.564,0.573,0.582,0.59,0.599,0.608,0.616,0.625,0.633,0.641,0.649,0.657,0.664,0.672,0.68,0.687,0.693,0.698,0.702,0.706,0.711,0.715,0.719,0.723,0.728,0.732,0.734,0.734,0.734,0.734,0.734,0.734,0.734,0.734,0.734,0.734,0.734,0.733,0.733,0.733,0.734,0.734,0.735,0.735,0.736,0.736,0.736,0.737,0.737,0.738,0.739,0.74,0.74,0.742,0.743,0.744,0.746
Rwanda,0.026,0.0265,0.0271,0.0277,0.0282,0.0288,0.0294,0.03,0.0307,0.0313,0.0319,0.0334,0.0349,0.0365,0.0382,0.04,0.0418,0.0437,0.0458,0.0466,0.0472,0.0479,0.0485,0.0492,0.0499,0.0506,0.0513,0.052,0.0527,0.0534,0.0542,0.0549,0.0629,0.0731,0.0849,0.0984,0.114,0.125,0.132,0.141,0.149,0.158,0.168,0.169,0.169,0.169,0.169,0.169,0.169,0.169,0.169,0.169,0.169,0.169,0.17,0.17,0.171,0.171,0.172,0.173
Samoa,0.189,0.19,0.191,0.191,0.192,0.193,0.194,0.196,0.198,0.201,0.204,0.206,0.208,0.208,0.209,0.21,0.211,0.211,0.211,0.212,0.212,0.212,0.212,0.212,0.212,0.212,0.212,0.212,0.212,0.212,0.212,0.212,0.213,0.213,0.214,0.215,0.216,0.217,0.218,0.219,0.22,0.221,0.219,0.217,0.215,0.212,0.21,0.208,0.205,0.203,0.201,0.199,0.196,0.194,0.191,0.189,0.187,0.185,0.182,0.181
San Marino,0.489,0.5,0.511,0.522,0.533,0.544,0.555,0.566,0.577,0.587,0.598,0.623,0.647,0.67,0.693,0.715,0.736,0.756,0.776,0.795,0.812,0.829,0.844,0.858,0.871,0.883,0.894,0.904,0.904,0.904,0.904,0.904,0.904,0.908,0.913,0.917,0.921,0.924,0.928,0.931,0.934,0.938,0.939,0.94,0.942,0.945,0.947,0.95,0.953,0.955,0.957,0.96,0.962,0.964,0.966,0.967,0.969,0.971,0.972,0.974
Sao Tome and Principe,0.161,0.168,0.18,0.192,0.205,0.218,0.232,0.247,0.263,0.279,0.295,0.302,0.306,0.309,0.313,0.316,0.32,0.324,0.327,0.331,0.335,0.339,0.348,0.359,0.37,0.38,0.391,0.403,0.414,0.425,0.436,0.448,0.458,0.467,0.477,0.486,0.496,0.505,0.515,0.525,0.534,0.544,0.556,0.568,0.58,0.592,0.603,0.615,0.627,0.638,0.65,0.661,0.672,0.682,0.692,0.702,0.711,0.72,0.728,0.736
Saudi Arabia,0.313,0.324,0.335,0.35,0.369,0.388,0.407,0.427,0.447,0.467,0.487,0.507,0.527,0.547,0.567,0.583,0.599,0.614,0.629,0.644,0.659,0.673,0.687,0.7,0.714,0.726,0.739,0.746,0.753,0.759,0.766,0.772,0.779,0.782,0.784,0.787,0.789,0.791,0.794,0.796,0.798,0.801,0.803,0.805,0.808,0.81,0.812,0.814,0.816,0.819,0.821,0.823,0.825,0.827,0.83,0.832,0.834,0.836,0.838,0.841
Senegal,0.23,0.236,0.243,0.25,0.257,0.264,0.271,0.278,0.285,0.292,0.3,0.307,0.315,0.322,0.329,0.337,0.344,0.347,0.351,0.354,0.358,0.361,0.365,0.368,0.372,0.375,0.379,0.383,0.386,0.388,0.389,0.39,0.392,0.393,0.395,0.396,0.397,0.399,0.4,0.402,0.403,0.405,0.406,0.409,0.413,0.417,0.421,0.425,0.429,0.434,0.438,0.442,0.446,0.45,0.454,0.459,0.463,0.467,0.472,0.477
Serbia,,,,,,,,,,,,,,,,,,,,,,,,,,,,,,,0.504,0.508,0.51,0.512,0.514,0.517,0.519,0.521,0.523,0.525,0.528,0.53,0.532,0.534,0.537,0.539,0.541,0.543,0.545,0.548,0.55,0.552,0.554,0.555,0.556,0.557,0.558,0.559,0.561,0.563
Seychelles,0.277,0.287,0.298,0.309,0.32,0.331,0.343,0.354,0.366,0.378,0.391,0.403,0.418,0.433,0.448,0.463,0.478,0.493,0.494,0.494,0.494,0.494,0.493,0.493,0.493,0.493,0.493,0.493,0.492,0.493,0.493,0.493,0.494,0.494,0.495,0.496,0.498,0.499,0.501,0.502,0.504,0.506,0.509,0.511,0.514,0.517,0.52,0.523,0.526,0.53,0.533,0.537,0.541,0.545,0.55,0.554,0.558,0.563,0.567,0.571
Sierra Leone,0.174,0.179,0.185,0.191,0.197,0.204,0.211,0.218,0.225,0.232,0.24,0.247,0.255,0.263,0.271,0.277,0.281,0.286,0.29,0.294,0.298,0.302,0.307,0.311,0.316,0.32,0.323,0.326,0.328,0.33,0.333,0.335,0.337,0.34,0.342,0.344,0.347,0.349,0.351,0.354,0.356,0.359,0.361,0.364,0.366,0.369,0.373,0.377,0.381,0.385,0.389,0.392,0.396,0.4,0.404,0.408,0.412,0.416,0.421,0.425
Singapore,1,1,1,1,1,1,1,1,1,1,1,1,1,1,1,1,1,1,1,1,1,1,1,1,1,1,1,1,1,1,1,1,1,1,1,1,1,1,1,1,1,1,1,1,1,1,1,1,1,1,1,1,1,1,1,1,1,1,1,1
Slovak Republic,0.335,0.34,0.347,0.355,0.363,0.37,0.378,0.386,0.394,0.402,0.411,0.42,0.431,0.441,0.452,0.463,0.473,0.484,0.495,0.506,0.516,0.523,0.528,0.532,0.537,0.542,0.546,0.551,0.556,0.56,0.565,0.568,0.567,0.567,0.566,0.565,0.565,0.564,0.564,0.563,0.562,0.562,0.56,0.559,0.557,0.556,0.554,0.553,0.551,0.55,0.547,0.544,0.543,0.541,0.54,0.539,0.538,0.538,0.537,0.537
Slovenia,0.282,0.291,0.299,0.308,0.316,0.325,0.334,0.343,0.352,0.361,0.37,0.38,0.391,0.402,0.413,0.424,0.435,0.446,0.458,0.469,0.48,0.489,0.491,0.493,0.494,0.496,0.497,0.499,0.501,0.502,0.504,0.505,0.505,0.506,0.506,0.506,0.506,0.507,0.507,0.507,0.508,0.508,0.509,0.511,0.513,0.515,0.518,0.52,0.522,0.524,0.527,0.529,0.531,0.533,0.536,0.538,0.54,0.543,0.545,0.548
Solomon Islands,0.0577,0.0604,0.0632,0.0662,0.0692,0.0725,0.0758,0.0793,0.0829,0.0867,0.0892,0.0896,0.09,0.0904,0.0908,0.0913,0.0927,0.0958,0.099,0.102,0.106,0.109,0.113,0.117,0.12,0.124,0.128,0.131,0.133,0.135,0.137,0.139,0.141,0.143,0.145,0.147,0.149,0.151,0.153,0.155,0.158,0.162,0.166,0.17,0.174,0.178,0.183,0.187,0.191,0.196,0.2,0.205,0.21,0.214,0.219,0.224,0.228,0.233,0.237,0.242
Somalia,0.173,0.178,0.184,0.189,0.195,0.2,0.205,0.21,0.216,0.221,0.227,0.233,0.238,0.244,0.25,0.255,0.257,0.26,0.263,0.265,0.268,0.27,0.273,0.275,0.278,0.281,0.283,0.286,0.29,0.293,0.297,0.3,0.304,0.307,0.311,0.314,0.318,0.321,0.325,0.329,0.332,0.336,0.34,0.348,0.355,0.363,0.371,0.344,0.36,0.376,0.393,0.41,0.416,0.421,0.427,0.432,0.438,0.444,0.45,0.456
South Africa,0.466,0.468,0.469,0.47,0.471,0.472,0.474,0.475,0.476,0.477,0.478,0.479,0.479,0.48,0.48,0.481,0.482,0.482,0.483,0.483,0.484,0.486,0.488,0.489,0.491,0.494,0.499,0.504,0.51,0.515,0.52,0.526,0.53,0.535,0.54,0.545,0.55,0.554,0.559,0.564,0.569,0.574,0.579,0.584,0.59,0.595,0.601,0.606,0.612,0.617,0.622,0.627,0.633,0.638,0.643,0.648,0.653,0.658,0.664,0.669
South Korea,0.277,0.285,0.295,0.304,0.314,0.324,0.333,0.35,0.368,0.388,0.407,0.423,0.437,0.451,0.466,0.48,0.497,0.515,0.532,0.55,0.567,0.584,0.601,0.617,0.633,0.649,0.667,0.686,0.704,0.721,0.738,0.75,0.758,0.766,0.775,0.782,0.787,0.789,0.791,0.794,0.796,0.799,0.803,0.807,0.81,0.813,0.815,0.816,0.817,0.818,0.819,0.819,0.819,0.818,0.817,0.816,0.816,0.815,0.815,0.814
South Sudan,0.0875,0.0874,0.0872,0.0871,0.087,0.0869,0.0868,0.0867,0.0866,0.0864,0.0863,0.0862,0.0861,0.086,0.0859,0.0858,0.0856,0.0855,0.0854,0.0853,0.0852,0.0851,0.085,0.0871,0.0926,0.0984,0.105,0.111,0.118,0.125,0.133,0.141,0.149,0.156,0.157,0.159,0.16,0.161,0.162,0.164,0.165,0.166,0.168,0.169,0.17,0.172,0.173,0.174,0.176,0.177,0.179,0.18,0.182,0.184,0.186,0.189,0.191,0.193,0.196,0.199
Spain,0.566,0.573,0.583,0.593,0.603,0.613,0.623,0.632,0.642,0.651,0.66,0.668,0.675,0.682,0.689,0.696,0.702,0.709,0.715,0.722,0.728,0.733,0.735,0.737,0.74,0.742,0.744,0.747,0.749,0.751,0.754,0.755,0.756,0.757,0.758,0.759,0.759,0.76,0.761,0.762,0.763,0.763,0.765,0.768,0.77,0.773,0.775,0.777,0.78,0.782,0.784,0.787,0.789,0.791,0.794,0.796,0.798,0.801,0.803,0.806
Sri Lanka,0.164,0.166,0.168,0.169,0.17,0.171,0.172,0.173,0.174,0.175,0.176,0.177,0.178,0.179,0.18,0.181,0.182,0.183,0.184,0.185,0.186,0.187,0.187,0.186,0.186,0.186,0.186,0.186,0.186,0.186,0.185,0.185,0.185,0.185,0.185,0.185,0.184,0.184,0.184,0.184,0.184,0.184,0.183,0.183,0.183,0.183,0.183,0.183,0.183,0.182,0.182,0.182,0.182,0.182,0.182,0.183,0.183,0.184,0.185,0.186
St. Kitts and Nevis,0.276,0.283,0.289,0.295,0.302,0.309,0.315,0.322,0.329,0.336,0.341,0.343,0.345,0.347,0.348,0.35,0.352,0.354,0.356,0.357,0.359,0.358,0.356,0.355,0.354,0.352,0.351,0.35,0.349,0.347,0.346,0.345,0.343,0.341,0.339,0.337,0.335,0.333,0.332,0.33,0.328,0.326,0.325,0.323,0.322,0.32,0.319,0.317,0.316,0.315,0.313,0.312,0.311,0.31,0.309,0.308,0.308,0.308,0.308,0.308
St. Lucia,0.215,0.217,0.219,0.222,0.224,0.227,0.229,0.232,0.234,0.237,0.239,0.242,0.244,0.247,0.249,0.252,0.255,0.257,0.26,0.263,0.265,0.268,0.271,0.274,0.276,0.279,0.282,0.285,0.288,0.291,0.293,0.296,0.294,0.292,0.29,0.288,0.286,0.284,0.282,0.28,0.278,0.275,0.263,0.252,0.241,0.231,0.221,0.211,0.201,0.192,0.184,0.184,0.184,0.185,0.185,0.185,0.186,0.186,0.187,0.188
St. Vincent and the Grenadines,0.259,0.264,0.269,0.273,0.278,0.283,0.287,0.292,0.297,0.302,0.307,0.312,0.317,0.322,0.327,0.332,0.337,0.343,0.348,0.353,0.359,0.364,0.37,0.375,0.38,0.386,0.392,0.397,0.403,0.408,0.414,0.419,0.423,0.427,0.43,0.434,0.437,0.441,0.445,0.448,0.452,0.455,0.459,0.463,0.467,0.47,0.474,0.478,0.482,0.486,0.49,0.494,0.498,0.502,0.506,0.51,0.514,0.518,0.522,0.526
Sudan,0.107,0.112,0.117,0.123,0.128,0.134,0.14,0.146,0.152,0.158,0.165,0.172,0.179,0.185,0.187,0.189,0.191,0.193,0.195,0.198,0.2,0.202,0.204,0.209,0.219,0.229,0.24,0.251,0.262,0.274,0.286,0.298,0.311,0.321,0.322,0.322,0.323,0.323,0.324,0.324,0.325,0.325,0.326,0.327,0.327,0.328,0.328,0.329,0.329,0.33,0.331,0.332,0.333,0.335,0.337,0.339,0.341,0.344,0.346,0.349
Suriname,0.473,0.473,0.473,0.474,0.473,0.471,0.469,0.466,0.464,0.462,0.459,0.457,0.468,0.491,0.514,0.537,0.561,0.583,0.606,0.628,0.65,0.65,0.651,0.652,0.653,0.653,0.654,0.655,0.656,0.656,0.657,0.658,0.659,0.659,0.66,0.661,0.662,0.662,0.663,0.664,0.664,0.665,0.666,0.667,0.667,0.667,0.666,0.665,0.665,0.664,0.663,0.663,0.662,0.661,0.661,0.661,0.66,0.66,0.661,0.661
Sweden,0.725,0.733,0.743,0.752,0.762,0.771,0.779,0.787,0.795,0.803,0.81,0.816,0.819,0.822,0.825,0.827,0.828,0.829,0.829,0.83,0.831,0.831,0.831,0.831,0.831,0.831,0.831,0.831,0.831,0.831,0.831,0.832,0.834,0.835,0.837,0.838,0.839,0.839,0.84,0.84,0.84,0.841,0.841,0.842,0.843,0.843,0.844,0.846,0.847,0.849,0.851,0.853,0.856,0.859,0.862,0.866,0.869,0.871,0.874,0.877
Switzerland,0.709,0.712,0.715,0.718,0.721,0.724,0.727,0.73,0.733,0.736,0.738,0.74,0.74,0.741,0.742,0.742,0.743,0.743,0.744,0.744,0.745,0.745,0.744,0.743,0.743,0.742,0.742,0.741,0.74,0.74,0.739,0.739,0.738,0.738,0.737,0.737,0.736,0.735,0.735,0.734,0.734,0.734,0.734,0.734,0.735,0.735,0.735,0.735,0.736,0.736,0.736,0.736,0.737,0.737,0.737,0.737,0.737,0.738,0.738,0.738
Syria,0.368,0.374,0.38,0.387,0.393,0.4,0.407,0.413,0.42,0.427,0.433,0.438,0.441,0.444,0.447,0.451,0.454,0.457,0.46,0.464,0.467,0.47,0.473,0.475,0.477,0.479,0.481,0.483,0.485,0.487,0.489,0.491,0.493,0.496,0.498,0.501,0.505,0.508,0.512,0.516,0.519,0.523,0.527,0.53,0.534,0.538,0.541,0.545,0.549,0.552,0.556,0.546,0.536,0.525,0.515,0.522,0.528,0.535,0.542,0.548
Tajikistan,0.332,0.336,0.34,0.344,0.348,0.352,0.356,0.36,0.364,0.368,0.369,0.366,0.363,0.361,0.358,0.355,0.353,0.35,0.347,0.345,0.343,0.341,0.339,0.337,0.334,0.332,0.33,0.328,0.326,0.322,0.317,0.311,0.305,0.3,0.294,0.289,0.283,0.278,0.273,0.268,0.265,0.265,0.265,0.265,0.265,0.265,0.265,0.265,0.265,0.265,0.265,0.265,0.265,0.266,0.267,0.267,0.269,0.27,0.271,0.273
Tanzania,0.0525,0.0539,0.0555,0.057,0.0587,0.0603,0.062,0.0637,0.068,0.0731,0.0785,0.0843,0.0905,0.097,0.104,0.111,0.119,0.128,0.137,0.141,0.146,0.15,0.154,0.159,0.163,0.168,0.172,0.177,0.182,0.186,0.189,0.192,0.195,0.199,0.202,0.205,0.209,0.212,0.216,0.219,0.223,0.227,0.23,0.236,0.242,0.248,0.255,0.261,0.268,0.274,0.281,0.288,0.295,0.302,0.309,0.316,0.323,0.331,0.338,0.345
Thailand,0.197,0.198,0.199,0.2,0.201,0.202,0.203,0.204,0.206,0.207,0.209,0.214,0.22,0.226,0.232,0.238,0.244,0.25,0.256,0.262,0.268,0.27,0.273,0.276,0.278,0.281,0.284,0.286,0.289,0.292,0.294,0.296,0.298,0.299,0.301,0.303,0.304,0.306,0.308,0.31,0.314,0.325,0.337,0.349,0.362,0.374,0.387,0.4,0.412,0.425,0.439,0.447,0.454,0.462,0.469,0.477,0.484,0.492,0.499,0.507
Timor-Leste,0.101,0.102,0.105,0.108,0.111,0.114,0.116,0.119,0.123,0.126,0.129,0.132,0.135,0.139,0.142,0.146,0.15,0.153,0.157,0.161,0.165,0.169,0.173,0.177,0.181,0.186,0.19,0.195,0.199,0.204,0.208,0.212,0.215,0.219,0.222,0.225,0.229,0.232,0.236,0.239,0.243,0.246,0.25,0.253,0.257,0.26,0.264,0.267,0.27,0.274,0.277,0.281,0.284,0.288,0.291,0.295,0.299,0.302,0.306,0.309
Togo,0.101,0.109,0.118,0.128,0.138,0.149,0.161,0.174,0.187,0.201,0.213,0.216,0.219,0.223,0.226,0.229,0.233,0.236,0.24,0.243,0.247,0.25,0.254,0.258,0.262,0.266,0.27,0.274,0.278,0.282,0.286,0.29,0.294,0.298,0.303,0.307,0.311,0.316,0.32,0.325,0.329,0.334,0.338,0.343,0.347,0.352,0.356,0.361,0.366,0.371,0.375,0.38,0.385,0.391,0.396,0.401,0.406,0.412,0.417,0.422
Tonga,0.176,0.179,0.183,0.187,0.191,0.195,0.199,0.201,0.201,0.202,0.202,0.202,0.202,0.203,0.203,0.203,0.204,0.205,0.207,0.209,0.212,0.214,0.216,0.218,0.22,0.223,0.225,0.226,0.226,0.227,0.227,0.227,0.228,0.228,0.228,0.229,0.229,0.229,0.23,0.23,0.23,0.23,0.231,0.231,0.231,0.232,0.232,0.232,0.233,0.233,0.234,0.234,0.234,0.234,0.233,0.233,0.232,0.232,0.231,0.231
Trinidad and Tobago,0.342,0.35,0.359,0.367,0.376,0.385,0.394,0.403,0.412,0.421,0.43,0.44,0.449,0.458,0.468,0.477,0.486,0.496,0.505,0.514,0.523,0.525,0.527,0.528,0.53,0.532,0.534,0.536,0.538,0.539,0.541,0.543,0.545,0.547,0.549,0.55,0.552,0.554,0.556,0.558,0.559,0.557,0.555,0.553,0.552,0.55,0.548,0.546,0.544,0.542,0.54,0.538,0.537,0.535,0.534,0.533,0.533,0.532,0.532,0.532
Tunisia,0.375,0.38,0.384,0.388,0.393,0.397,0.402,0.41,0.418,0.427,0.435,0.443,0.451,0.46,0.468,0.476,0.482,0.488,0.494,0.5,0.506,0.512,0.518,0.524,0.53,0.538,0.547,0.555,0.563,0.571,0.579,0.588,0.596,0.604,0.611,0.615,0.619,0.623,0.627,0.63,0.634,0.638,0.642,0.646,0.65,0.652,0.655,0.658,0.661,0.664,0.667,0.669,0.672,0.675,0.678,0.681,0.683,0.686,0.689,0.693
Turkey,0.315,0.321,0.326,0.331,0.337,0.342,0.349,0.358,0.366,0.374,0.382,0.389,0.396,0.403,0.409,0.416,0.421,0.425,0.429,0.434,0.438,0.452,0.47,0.488,0.506,0.524,0.539,0.553,0.566,0.579,0.592,0.6,0.605,0.611,0.616,0.621,0.627,0.632,0.637,0.642,0.647,0.653,0.66,0.666,0.672,0.678,0.685,0.691,0.697,0.702,0.708,0.714,0.72,0.725,0.731,0.736,0.741,0.746,0.751,0.756
Turkmenistan,0.464,0.466,0.467,0.468,0.47,0.471,0.473,0.474,0.476,0.477,0.478,0.477,0.477,0.476,0.476,0.476,0.475,0.475,0.474,0.473,0.471,0.469,0.466,0.464,0.462,0.46,0.458,0.455,0.453,0.452,0.451,0.45,0.449,0.448,0.447,0.448,0.45,0.452,0.455,0.457,0.459,0.461,0.464,0.466,0.468,0.471,0.473,0.476,0.479,0.482,0.485,0.488,0.492,0.495,0.499,0.503,0.507,0.512,0.516,0.52
Tuvalu,0.159,0.164,0.17,0.176,0.182,0.188,0.194,0.201,0.207,0.214,0.221,0.228,0.235,0.242,0.25,0.258,0.265,0.273,0.282,0.29,0.298,0.307,0.315,0.324,0.333,0.343,0.355,0.368,0.38,0.393,0.407,0.42,0.428,0.432,0.436,0.44,0.444,0.448,0.452,0.456,0.46,0.464,0.468,0.477,0.487,0.497,0.507,0.517,0.528,0.538,0.548,0.558,0.568,0.578,0.588,0.597,0.606,0.615,0.624,0.632
Uganda,0.0442,0.0462,0.0483,0.0504,0.0527,0.0551,0.0576,0.0601,0.0628,0.0656,0.0666,0.0674,0.0681,0.0689,0.0696,0.0704,0.0712,0.072,0.0728,0.0736,0.0753,0.0783,0.0815,0.0847,0.088,0.0915,0.0951,0.0988,0.103,0.107,0.111,0.115,0.118,0.121,0.125,0.128,0.132,0.136,0.14,0.144,0.148,0.152,0.156,0.161,0.165,0.17,0.174,0.179,0.184,0.189,0.194,0.199,0.204,0.21,0.215,0.221,0.226,0.232,0.238,0.244
Ukraine,0.468,0.475,0.483,0.49,0.498,0.506,0.515,0.523,0.532,0.54,0.548,0.556,0.563,0.57,0.577,0.584,0.591,0.598,0.604,0.611,0.617,0.623,0.629,0.635,0.641,0.647,0.653,0.658,0.664,0.667,0.668,0.668,0.668,0.669,0.669,0.67,0.67,0.67,0.671,0.671,0.671,0.672,0.673,0.674,0.676,0.678,0.68,0.681,0.683,0.685,0.686,0.687,0.688,0.689,0.69,0.691,0.692,0.692,0.694,0.695
United Arab Emirates,0.735,0.744,0.752,0.761,0.769,0.777,0.785,0.793,0.798,0.798,0.798,0.798,0.798,0.798,0.798,0.798,0.799,0.801,0.803,0.805,0.807,0.807,0.805,0.802,0.8,0.798,0.796,0.795,0.793,0.792,0.791,0.789,0.788,0.786,0.785,0.783,0.785,0.789,0.794,0.798,0.802,0.807,0.811,0.815,0.819,0.823,0.826,0.83,0.834,0.837,0.841,0.844,0.847,0.851,0.854,0.857,0.86,0.862,0.865,0.868
United Kingdom,0.784,0.784,0.782,0.781,0.78,0.778,0.777,0.775,0.774,0.773,0.771,0.77,0.772,0.774,0.775,0.777,0.778,0.78,0.782,0.783,0.785,0.786,0.785,0.785,0.784,0.784,0.783,0.783,0.782,0.782,0.781,0.781,0.782,0.782,0.783,0.784,0.784,0.785,0.785,0.786,0.787,0.788,0.79,0.793,0.796,0.799,0.802,0.805,0.808,0.81,0.813,0.816,0.818,0.821,0.824,0.826,0.829,0.831,0.834,0.837
United States,0.7,0.704,0.708,0.711,0.715,0.719,0.722,0.726,0.73,0.733,0.736,0.736,0.736,0.736,0.736,0.737,0.737,0.737,0.737,0.737,0.737,0.739,0.74,0.742,0.743,0.745,0.746,0.748,0.749,0.751,0.753,0.757,0.761,0.765,0.769,0.773,0.776,0.78,0.784,0.787,0.791,0.792,0.794,0.796,0.798,0.799,0.801,0.803,0.804,0.806,0.808,0.809,0.811,0.813,0.815,0.817,0.819,0.821,0.823,0.825
Uruguay,0.802,0.805,0.807,0.809,0.811,0.813,0.815,0.817,0.82,0.822,0.824,0.826,0.828,0.83,0.832,0.834,0.838,0.842,0.846,0.85,0.854,0.858,0.861,0.865,0.868,0.872,0.876,0.879,0.883,0.886,0.89,0.893,0.896,0.899,0.902,0.905,0.908,0.911,0.915,0.917,0.92,0.923,0.926,0.928,0.931,0.933,0.936,0.938,0.94,0.942,0.944,0.946,0.947,0.948,0.949,0.95,0.951,0.952,0.953,0.954
Uzbekistan,0.34,0.342,0.345,0.348,0.35,0.353,0.356,0.358,0.361,0.364,0.367,0.372,0.377,0.381,0.386,0.391,0.396,0.401,0.405,0.408,0.408,0.408,0.408,0.407,0.407,0.407,0.407,0.407,0.407,0.409,0.414,0.418,0.423,0.428,0.433,0.437,0.442,0.447,0.452,0.456,0.461,0.466,0.471,0.476,0.481,0.485,0.49,0.495,0.5,0.505,0.51,0.511,0.51,0.51,0.509,0.508,0.506,0.505,0.505,0.504
Vanuatu,0.104,0.106,0.108,0.109,0.111,0.113,0.115,0.117,0.119,0.121,0.123,0.125,0.127,0.13,0.132,0.134,0.136,0.138,0.141,0.144,0.147,0.151,0.155,0.159,0.163,0.167,0.171,0.176,0.18,0.184,0.187,0.19,0.193,0.196,0.199,0.202,0.205,0.208,0.211,0.214,0.217,0.22,0.222,0.225,0.228,0.231,0.234,0.237,0.24,0.243,0.245,0.246,0.247,0.248,0.249,0.25,0.251,0.252,0.253,0.254
Venezuela,0.616,0.629,0.639,0.65,0.66,0.67,0.68,0.69,0.7,0.709,0.719,0.728,0.736,0.743,0.751,0.758,0.765,0.772,0.779,0.785,0.792,0.798,0.804,0.809,0.814,0.819,0.824,0.829,0.834,0.838,0.843,0.847,0.85,0.854,0.857,0.86,0.863,0.867,0.87,0.873,0.876,0.878,0.879,0.879,0.879,0.88,0.88,0.88,0.88,0.881,0.881,0.881,0.881,0.881,0.881,0.882,0.882,0.882,0.882,0.882
Vietnam,0.147,0.15,0.154,0.157,0.161,0.164,0.168,0.172,0.175,0.179,0.183,0.184,0.185,0.186,0.187,0.188,0.189,0.19,0.191,0.192,0.192,0.193,0.194,0.194,0.195,0.196,0.196,0.197,0.198,0.199,0.203,0.206,0.21,0.214,0.218,0.222,0.226,0.23,0.234,0.238,0.244,0.249,0.255,0.261,0.267,0.273,0.279,0.285,0.291,0.298,0.304,0.311,0.318,0.324,0.331,0.338,0.345,0.352,0.359,0.366
Yemen,0.091,0.0946,0.0983,0.102,0.106,0.11,0.115,0.119,0.123,0.128,0.133,0.136,0.139,0.142,0.145,0.148,0.152,0.155,0.158,0.162,0.165,0.169,0.173,0.176,0.18,0.184,0.188,0.193,0.198,0.204,0.209,0.215,0.221,0.226,0.232,0.238,0.242,0.247,0.252,0.258,0.263,0.268,0.273,0.278,0.284,0.289,0.295,0.301,0.306,0.312,0.318,0.324,0.33,0.336,0.342,0.348,0.354,0.36,0.366,0.373
Zambia,0.181,0.19,0.198,0.207,0.22,0.234,0.248,0.263,0.278,0.294,0.304,0.312,0.321,0.331,0.34,0.349,0.359,0.369,0.378,0.388,0.398,0.399,0.398,0.398,0.397,0.397,0.396,0.396,0.395,0.395,0.394,0.39,0.385,0.38,0.376,0.371,0.366,0.362,0.357,0.353,0.348,0.35,0.355,0.36,0.364,0.369,0.374,0.379,0.384,0.389,0.394,0.399,0.404,0.409,0.414,0.419,0.424,0.43,0.435,0.441
Zimbabwe,0.126,0.128,0.131,0.136,0.141,0.146,0.152,0.157,0.163,0.169,0.174,0.179,0.184,0.189,0.194,0.199,0.204,0.208,0.213,0.219,0.224,0.229,0.234,0.241,0.247,0.254,0.261,0.268,0.275,0.283,0.29,0.297,0.305,0.309,0.313,0.317,0.321,0.325,0.329,0.333,0.338,0.342,0.346,0.345,0.343,0.341,0.339,0.337,0.336,0.334,0.332,0.33,0.328,0.327,0.325,0.324,0.323,0.322,0.322,0.322
